-- MySQL dump 10.13  Distrib 5.5.57, for Linux (x86_64)
--
-- Host: localhost    Database: db_cbox
-- ------------------------------------------------------
-- Server version	5.5.57

/*!40101 SET @OLD_CHARACTER_SET_CLIENT=@@CHARACTER_SET_CLIENT */;
/*!40101 SET @OLD_CHARACTER_SET_RESULTS=@@CHARACTER_SET_RESULTS */;
/*!40101 SET @OLD_COLLATION_CONNECTION=@@COLLATION_CONNECTION */;
/*!40101 SET NAMES utf8 */;
/*!40103 SET @OLD_TIME_ZONE=@@TIME_ZONE */;
/*!40103 SET TIME_ZONE='+00:00' */;
/*!40014 SET @OLD_UNIQUE_CHECKS=@@UNIQUE_CHECKS, UNIQUE_CHECKS=0 */;
/*!40014 SET @OLD_FOREIGN_KEY_CHECKS=@@FOREIGN_KEY_CHECKS, FOREIGN_KEY_CHECKS=0 */;
/*!40101 SET @OLD_SQL_MODE=@@SQL_MODE, SQL_MODE='NO_AUTO_VALUE_ON_ZERO' */;
/*!40111 SET @OLD_SQL_NOTES=@@SQL_NOTES, SQL_NOTES=0 */;

--
-- Table structure for table `cbox_boxes`
--

DROP TABLE IF EXISTS `cbox_boxes`;
/*!40101 SET @saved_cs_client     = @@character_set_client */;
/*!40101 SET character_set_client = utf8 */;
CREATE TABLE `cbox_boxes` (
  `id` int(10) unsigned NOT NULL AUTO_INCREMENT,
  `device_id` int(11) NOT NULL,
  `user_id` int(10) unsigned NOT NULL,
  `d_count` int(11) NOT NULL DEFAULT '0',
  `country_code` varchar(150) COLLATE utf8mb4_unicode_ci NOT NULL DEFAULT '',
  `del_flg` int(11) NOT NULL DEFAULT '0',
  `created_at` timestamp NULL DEFAULT NULL,
  `updated_at` timestamp NULL DEFAULT NULL,
  `update_flg` int(11) DEFAULT '0',
  `major_version` int(11) DEFAULT '0',
  `minor_version` int(11) DEFAULT '0',
  PRIMARY KEY (`id`),
  UNIQUE KEY `cbox_boxes_device_id_unique` (`device_id`),
  KEY `cbox_boxes_user_id_foreign` (`user_id`),
  CONSTRAINT `cbox_boxes_ibfk_1` FOREIGN KEY (`user_id`) REFERENCES `users` (`id`) ON DELETE CASCADE
) ENGINE=InnoDB AUTO_INCREMENT=24 DEFAULT CHARSET=utf8mb4 COLLATE=utf8mb4_unicode_ci;
/*!40101 SET character_set_client = @saved_cs_client */;

--
-- Dumping data for table `cbox_boxes`
--

LOCK TABLES `cbox_boxes` WRITE;
/*!40000 ALTER TABLE `cbox_boxes` DISABLE KEYS */;
INSERT INTO `cbox_boxes` VALUES (1,18,18,0,'USD',0,'2017-03-06 20:35:07','2017-11-16 16:58:39',1,0,0),(2,19,19,0,'USD',0,'2017-03-06 20:35:07','2018-01-25 07:04:39',0,0,0),(3,20,20,0,'USD',0,'2017-03-06 20:35:07','2017-03-06 20:35:07',0,0,0),(4,21,21,0,'USD',0,'2017-03-06 20:35:07','2017-03-06 20:35:07',0,0,0),(5,22,22,0,'USD',0,'2017-03-06 20:35:07','2017-08-04 04:28:36',0,0,0),(7,24,24,0,'USD',0,'2017-03-06 20:35:07','2017-03-06 20:35:07',0,0,0),(9,3,26,0,'USD',0,'2017-03-09 14:52:24','2018-02-02 18:29:54',0,0,0),(10,135,28,0,'USD',0,'2017-03-28 01:37:44','2017-04-05 00:35:00',1,0,0),(11,3000,28,0,'USD',0,'2017-04-19 19:28:00','2017-04-25 21:14:08',1,0,0),(12,3001,28,0,'USD',0,'2017-04-19 19:49:17','2017-04-25 21:14:52',1,0,0),(13,3002,28,0,'USD',0,'2017-04-19 19:53:54','2017-04-25 21:15:14',1,0,0),(14,3004,28,0,'USD',0,'2017-04-20 02:00:26','2017-04-25 21:25:22',1,0,0),(18,23,28,0,'USD',0,'2017-05-15 21:42:30','2017-07-12 01:10:21',0,0,0),(19,560,23,0,'USD',0,'2017-07-06 08:38:59','2018-03-20 00:33:36',0,1,0),(20,559,45,0,'USD',0,'2017-07-23 17:35:04','2017-08-14 05:43:49',0,1,6),(21,800,24,0,'CNY',0,'2017-07-25 13:20:39','2017-07-25 13:20:39',0,0,0),(22,58,16,0,'USD',0,'2017-12-11 04:54:05','2017-12-11 04:54:05',0,1,0),(23,558,16,0,'USD',0,'2017-12-11 04:55:18','2018-01-07 01:13:42',0,1,0);
/*!40000 ALTER TABLE `cbox_boxes` ENABLE KEYS */;
UNLOCK TABLES;

--
-- Table structure for table `cbox_buyers`
--

DROP TABLE IF EXISTS `cbox_buyers`;
/*!40101 SET @saved_cs_client     = @@character_set_client */;
/*!40101 SET character_set_client = utf8 */;
CREATE TABLE `cbox_buyers` (
  `id` int(10) unsigned NOT NULL AUTO_INCREMENT,
  `donateIds` varchar(150) COLLATE utf8mb4_unicode_ci NOT NULL DEFAULT '',
  `donateQuantities` varchar(150) COLLATE utf8mb4_unicode_ci NOT NULL DEFAULT '',
  `user_id` int(11) NOT NULL DEFAULT '0',
  `name` varchar(150) COLLATE utf8mb4_unicode_ci NOT NULL DEFAULT '',
  `email` varchar(150) COLLATE utf8mb4_unicode_ci NOT NULL DEFAULT '',
  `address` varchar(150) COLLATE utf8mb4_unicode_ci NOT NULL DEFAULT '',
  `comment` varchar(150) COLLATE utf8mb4_unicode_ci DEFAULT '',
  `del_flg` int(11) NOT NULL DEFAULT '0',
  `created_at` timestamp NULL DEFAULT NULL,
  `updated_at` timestamp NULL DEFAULT NULL,
  `city` varchar(150) COLLATE utf8mb4_unicode_ci DEFAULT '',
  `state` varchar(150) COLLATE utf8mb4_unicode_ci DEFAULT '',
  `country` varchar(150) COLLATE utf8mb4_unicode_ci DEFAULT '',
  PRIMARY KEY (`id`)
) ENGINE=InnoDB AUTO_INCREMENT=5 DEFAULT CHARSET=utf8mb4 COLLATE=utf8mb4_unicode_ci;
/*!40101 SET character_set_client = @saved_cs_client */;

--
-- Dumping data for table `cbox_buyers`
--

LOCK TABLES `cbox_buyers` WRITE;
/*!40000 ALTER TABLE `cbox_buyers` DISABLE KEYS */;
INSERT INTO `cbox_buyers` VALUES (1,'2','1',0,'stewart holzkenner','sm@tanklasolas.com','520 ne 8t ave ft lauderdale fl 33301',NULL,0,'2017-07-10 18:47:31','2017-07-10 18:47:31',NULL,NULL,NULL),(2,'','1',0,'stewart holzkenner','sm@tanklasolas.com','520 ne 8t ave',NULL,0,'2017-07-10 18:49:09','2017-07-10 18:49:09','ft lauderdale','FL','United States'),(3,'2,1','1,1',0,'d','dd@gmail.com','dasjak','jjsdmdc',0,'2017-07-20 18:32:19','2017-07-20 18:32:19',NULL,NULL,NULL),(4,'','1',45,'jon vaughn','work@tier5.us','NY',NULL,0,'2017-08-08 13:52:16','2017-08-08 13:52:16','NY','NY','US');
/*!40000 ALTER TABLE `cbox_buyers` ENABLE KEYS */;
UNLOCK TABLES;

--
-- Table structure for table `cbox_coins`
--

DROP TABLE IF EXISTS `cbox_coins`;
/*!40101 SET @saved_cs_client     = @@character_set_client */;
/*!40101 SET character_set_client = utf8 */;
CREATE TABLE `cbox_coins` (
  `id` int(10) unsigned NOT NULL AUTO_INCREMENT,
  `size` int(11) NOT NULL,
  `country_code` varchar(150) COLLATE utf8mb4_unicode_ci NOT NULL DEFAULT '',
  `amount` decimal(5,2) NOT NULL DEFAULT '0.00',
  `created_at` timestamp NULL DEFAULT NULL,
  `updated_at` timestamp NULL DEFAULT NULL,
  PRIMARY KEY (`id`)
) ENGINE=InnoDB AUTO_INCREMENT=39 DEFAULT CHARSET=utf8mb4 COLLATE=utf8mb4_unicode_ci;
/*!40101 SET character_set_client = @saved_cs_client */;

--
-- Dumping data for table `cbox_coins`
--

LOCK TABLES `cbox_coins` WRITE;
/*!40000 ALTER TABLE `cbox_coins` DISABLE KEYS */;
INSERT INTO `cbox_coins` VALUES (1,5,'CNY',0.10,'2017-03-05 08:28:44','2017-03-05 08:28:44'),(2,7,'CNY',0.50,'2017-03-05 08:28:44','2017-03-05 08:28:44'),(3,9,'CNY',0.10,'2017-03-05 08:28:44','2017-03-05 08:28:44'),(4,11,'CNY',1.00,'2017-03-05 08:28:44','2017-03-05 08:28:44'),(5,5,'USD',0.01,'2017-03-05 08:28:44','2017-03-05 08:28:44'),(6,8,'USD',0.05,'2017-03-05 08:28:44','2017-03-05 08:28:44'),(7,4,'USD',0.10,'2017-03-05 08:28:44','2017-03-05 08:28:44'),(8,10,'USD',0.25,'2017-03-05 08:28:44','2017-03-05 08:28:44'),(9,16,'USD',0.50,'2017-03-05 08:28:44','2017-03-05 08:28:44'),(10,12,'USD',1.00,'2017-03-05 08:28:44','2017-03-05 08:28:44'),(11,7,'USD',0.05,'2017-03-05 08:28:44','2017-03-05 08:28:44'),(12,6,'USD',0.01,'2017-03-05 08:28:44','2017-03-05 08:28:44'),(13,11,'USD',0.25,'2017-03-05 08:28:44','2017-03-05 08:28:44'),(14,13,'USD',1.00,'2017-03-05 08:28:44','2017-03-05 08:28:44'),(15,14,'USD',1.00,'2017-03-05 08:28:44','2017-03-05 08:28:44'),(16,15,'USD',0.50,'2017-03-05 08:28:44','2017-03-05 08:28:44'),(17,9,'USD',0.05,'2017-03-05 08:28:44','2017-03-05 08:28:44'),(18,3,'ILS',0.01,'2017-03-05 08:28:44','2017-03-05 08:28:44'),(19,4,'ILS',1.00,'2017-03-05 08:28:44','2017-03-05 08:28:44'),(20,5,'ILS',0.05,'2017-03-05 08:28:44','2017-03-05 08:28:44'),(21,6,'ILS',0.05,'2017-03-05 08:28:44','2017-03-05 08:28:44'),(22,7,'ILS',0.01,'2017-03-05 08:28:44','2017-03-05 08:28:44'),(23,8,'ILS',0.01,'2017-03-05 08:28:44','2017-03-05 08:28:44'),(24,9,'ILS',10.00,'2017-03-05 08:28:44','2017-03-05 08:28:44'),(25,10,'ILS',5.00,'2017-03-05 08:28:44','2017-03-05 08:28:44'),(26,11,'ILS',5.00,'2017-03-05 08:28:44','2017-03-05 08:28:44'),(27,12,'ILS',0.50,'2017-03-05 08:28:44','2017-03-05 08:28:44'),(28,2,'EUR',0.01,'2017-03-05 08:28:44','2017-03-05 08:28:44'),(29,3,'EUR',0.01,'2017-03-05 08:28:44','2017-03-05 08:28:44'),(30,4,'EUR',0.02,'2017-03-05 08:28:44','2017-03-05 08:28:44'),(31,5,'EUR',0.02,'2017-03-05 08:28:44','2017-03-05 08:28:44'),(32,6,'EUR',0.02,'2017-03-05 08:28:44','2017-03-05 08:28:44'),(33,7,'EUR',0.05,'2017-03-05 08:28:44','2017-03-05 08:28:44'),(34,8,'EUR',0.20,'2017-03-05 08:28:44','2017-03-05 08:28:44'),(35,9,'EUR',1.00,'2017-03-05 08:28:44','2017-03-05 08:28:44'),(36,10,'EUR',0.50,'2017-03-05 08:28:44','2017-03-05 08:28:44'),(37,11,'EUR',2.00,'2017-03-05 08:28:44','2017-03-05 08:28:44'),(38,12,'EUR',2.00,'2017-03-05 08:28:44','2017-03-05 08:28:44');
/*!40000 ALTER TABLE `cbox_coins` ENABLE KEYS */;
UNLOCK TABLES;

--
-- Table structure for table `cbox_currencyts`
--

DROP TABLE IF EXISTS `cbox_currencyts`;
/*!40101 SET @saved_cs_client     = @@character_set_client */;
/*!40101 SET character_set_client = utf8 */;
CREATE TABLE `cbox_currencyts` (
  `id` int(10) unsigned NOT NULL AUTO_INCREMENT,
  `currencyt` varchar(150) COLLATE utf8mb4_unicode_ci NOT NULL DEFAULT '',
  `rate` decimal(5,2) NOT NULL DEFAULT '0.00',
  `country_name` varchar(150) COLLATE utf8mb4_unicode_ci NOT NULL DEFAULT '',
  `del_flg` int(11) NOT NULL DEFAULT '0',
  `created_at` timestamp NULL DEFAULT NULL,
  `updated_at` timestamp NULL DEFAULT NULL,
  PRIMARY KEY (`id`)
) ENGINE=InnoDB AUTO_INCREMENT=5 DEFAULT CHARSET=utf8mb4 COLLATE=utf8mb4_unicode_ci;
/*!40101 SET character_set_client = @saved_cs_client */;

--
-- Dumping data for table `cbox_currencyts`
--

LOCK TABLES `cbox_currencyts` WRITE;
/*!40000 ALTER TABLE `cbox_currencyts` DISABLE KEYS */;
INSERT INTO `cbox_currencyts` VALUES (1,'USD',1.00,'USA',0,NULL,NULL),(2,'CNY',0.15,'CHINA',0,NULL,NULL),(3,'EUR',1.11,'EUROPE',0,NULL,NULL),(4,'ILS',0.27,'ISRAEL',0,NULL,NULL);
/*!40000 ALTER TABLE `cbox_currencyts` ENABLE KEYS */;
UNLOCK TABLES;

--
-- Table structure for table `cbox_deposits`
--

DROP TABLE IF EXISTS `cbox_deposits`;
/*!40101 SET @saved_cs_client     = @@character_set_client */;
/*!40101 SET character_set_client = utf8 */;
CREATE TABLE `cbox_deposits` (
  `id` int(10) unsigned NOT NULL AUTO_INCREMENT,
  `device_id` int(11) NOT NULL,
  `user_id` int(11) NOT NULL,
  `amount` decimal(5,2) NOT NULL DEFAULT '0.00',
  `currencyt` varchar(150) COLLATE utf8mb4_unicode_ci NOT NULL DEFAULT '',
  `coin_size` int(11) NOT NULL DEFAULT '0',
  `del_flg` int(11) NOT NULL DEFAULT '0',
  `created_at` timestamp NULL DEFAULT NULL,
  `updated_at` timestamp NULL DEFAULT NULL,
  PRIMARY KEY (`id`)
) ENGINE=InnoDB AUTO_INCREMENT=1984 DEFAULT CHARSET=utf8mb4 COLLATE=utf8mb4_unicode_ci;
/*!40101 SET character_set_client = @saved_cs_client */;

--
-- Dumping data for table `cbox_deposits`
--

LOCK TABLES `cbox_deposits` WRITE;
/*!40000 ALTER TABLE `cbox_deposits` DISABLE KEYS */;
INSERT INTO `cbox_deposits` VALUES (1,3,26,0.10,'USD',0,1,'2017-03-09 14:53:06','2017-03-09 14:53:07'),(2,3,26,0.25,'USD',10,1,'2017-03-09 14:53:36','2017-03-12 04:44:34'),(3,3,26,0.25,'USD',10,1,'2017-03-09 14:53:50','2017-03-12 04:44:34'),(4,3,26,0.25,'USD',10,1,'2017-03-12 01:32:11','2017-03-12 04:44:34'),(5,3,26,0.25,'USD',10,1,'2017-03-12 01:32:24','2017-03-12 04:44:34'),(6,3,26,0.25,'USD',10,1,'2017-03-12 01:32:40','2017-03-12 04:44:34'),(7,3,26,0.10,'USD',5,1,'2017-03-12 04:43:48','2017-03-12 04:44:34'),(8,3,26,0.01,'USD',7,1,'2017-03-12 04:43:58','2017-03-12 04:44:34'),(9,3,26,0.25,'USD',10,1,'2017-03-12 04:44:01','2017-03-12 04:44:34'),(10,3,26,0.10,'USD',3,1,'2017-03-12 04:44:13','2017-03-12 04:44:34'),(11,3,26,0.25,'USD',10,1,'2017-03-12 04:44:17','2017-03-12 04:44:34'),(12,3,26,0.10,'USD',3,1,'2017-03-12 04:44:23','2017-03-12 04:44:34'),(13,3,26,0.10,'USD',3,1,'2017-03-12 04:44:27','2017-03-12 04:44:34'),(14,3,26,0.25,'USD',10,1,'2017-03-12 04:44:31','2017-03-12 04:44:34'),(15,3,26,0.25,'USD',10,1,'2017-03-12 21:36:10','2017-03-19 16:10:43'),(16,3,26,0.25,'USD',10,1,'2017-03-12 21:36:12','2017-03-19 16:10:43'),(17,3,26,0.25,'USD',10,1,'2017-03-12 21:37:05','2017-03-19 16:10:43'),(18,3,26,0.10,'USD',4,1,'2017-03-12 21:43:38','2017-03-19 16:10:43'),(19,3,26,0.10,'USD',5,1,'2017-03-12 21:43:42','2017-03-19 16:10:43'),(20,3,26,0.25,'USD',10,1,'2017-03-13 22:10:12','2017-03-19 16:10:43'),(21,3,26,0.10,'USD',3,1,'2017-03-13 22:10:33','2017-03-19 16:10:43'),(22,3,26,0.10,'USD',3,1,'2017-03-13 22:10:35','2017-03-19 16:10:43'),(23,3,26,0.10,'USD',4,1,'2017-03-13 22:10:36','2017-03-19 16:10:43'),(24,3,26,0.10,'USD',5,1,'2017-03-13 22:10:48','2017-03-19 16:10:43'),(25,3,26,0.10,'USD',4,1,'2017-03-13 22:10:56','2017-03-19 16:10:43'),(26,3,26,0.10,'USD',3,1,'2017-03-13 22:11:02','2017-03-19 16:10:43'),(27,3,26,0.10,'USD',5,1,'2017-03-13 22:11:10','2017-03-19 16:10:43'),(28,18,18,0.25,'USD',10,0,'2017-03-19 14:22:25','2017-03-19 14:22:25'),(29,18,18,0.25,'USD',10,0,'2017-03-19 14:22:34','2017-03-19 14:22:34'),(30,18,18,0.25,'USD',10,0,'2017-03-19 14:22:59','2017-03-19 14:22:59'),(31,18,18,0.25,'USD',10,0,'2017-03-19 14:23:05','2017-03-19 14:23:05'),(32,18,18,0.25,'USD',10,0,'2017-03-19 14:23:09','2017-03-19 14:23:09'),(33,3,26,0.10,'USD',5,1,'2017-03-19 14:54:38','2017-03-19 16:10:43'),(34,3,26,0.01,'USD',7,1,'2017-03-19 14:54:47','2017-03-19 16:10:43'),(35,3,26,0.01,'USD',7,1,'2017-03-19 14:55:10','2017-03-19 16:10:43'),(36,3,26,0.25,'USD',10,1,'2017-03-19 15:50:49','2017-03-19 16:10:43'),(37,3,26,0.01,'USD',7,1,'2017-03-19 16:10:18','2017-03-19 16:10:43'),(38,3,26,0.01,'USD',7,1,'2017-03-19 16:12:20','2017-03-19 16:42:13'),(39,3,26,0.25,'USD',10,1,'2017-03-19 16:12:29','2017-03-19 16:42:13'),(40,3,26,0.01,'USD',7,1,'2017-03-19 16:15:17','2017-03-19 16:42:13'),(41,3,26,0.10,'USD',5,1,'2017-03-19 16:15:31','2017-03-19 16:42:13'),(42,3,26,0.01,'USD',7,1,'2017-03-19 16:46:26','2017-03-19 16:54:08'),(43,3,26,0.25,'USD',10,1,'2017-03-19 16:46:34','2017-03-19 16:54:08'),(44,3,26,0.10,'USD',5,1,'2017-03-19 16:47:46','2017-03-19 16:54:08'),(45,3,26,0.10,'USD',4,1,'2017-03-19 16:48:06','2017-03-19 16:54:08'),(46,3,26,0.10,'USD',4,1,'2017-03-19 16:48:15','2017-03-19 16:54:08'),(47,3,26,0.25,'USD',10,1,'2017-03-19 16:51:40','2017-03-19 16:54:08'),(48,3,26,0.25,'USD',10,1,'2017-03-19 16:51:45','2017-03-19 16:54:08'),(49,3,26,0.25,'USD',10,1,'2017-03-19 16:51:50','2017-03-19 16:54:08'),(50,3,26,0.25,'USD',10,1,'2017-03-19 16:51:53','2017-03-19 16:54:08'),(51,3,26,0.10,'USD',5,1,'2017-03-19 16:52:17','2017-03-19 16:54:08'),(52,3,26,0.10,'USD',5,1,'2017-03-19 16:52:22','2017-03-19 16:54:08'),(53,3,26,0.10,'USD',5,1,'2017-03-19 16:52:26','2017-03-19 16:54:08'),(54,3,26,0.10,'USD',4,1,'2017-03-19 16:52:53','2017-03-19 16:54:08'),(55,3,26,0.10,'USD',4,1,'2017-03-19 16:52:57','2017-03-19 16:54:08'),(56,3,26,0.10,'USD',4,1,'2017-03-19 16:53:00','2017-03-19 16:54:08'),(57,3,26,0.10,'USD',5,1,'2017-03-19 16:53:28','2017-03-19 16:54:08'),(58,3,26,0.10,'USD',5,1,'2017-03-19 16:53:34','2017-03-19 16:54:08'),(59,3,26,0.10,'USD',5,1,'2017-03-19 16:53:39','2017-03-19 16:54:08'),(60,3,26,0.10,'USD',5,1,'2017-03-19 16:53:43','2017-03-19 16:54:08'),(61,3,26,0.01,'USD',7,1,'2017-03-19 17:00:25','2017-04-04 22:06:56'),(62,3,26,0.01,'USD',7,1,'2017-03-19 17:02:18','2017-04-04 22:06:56'),(63,3,26,0.01,'USD',7,1,'2017-03-19 17:02:22','2017-04-04 22:06:56'),(64,3,26,0.25,'USD',10,1,'2017-03-19 17:02:26','2017-04-04 22:06:56'),(65,3,26,0.05,'USD',7,1,'2017-03-19 17:50:13','2017-04-04 22:06:56'),(66,3,26,0.01,'USD',5,1,'2017-03-19 17:50:17','2017-04-04 22:06:56'),(67,3,26,0.25,'USD',10,1,'2017-03-19 17:50:23','2017-04-04 22:06:56'),(68,3,26,0.05,'USD',7,1,'2017-03-19 17:50:26','2017-04-04 22:06:56'),(69,3,26,0.10,'USD',4,1,'2017-03-19 17:50:36','2017-04-04 22:06:56'),(70,3,26,0.10,'USD',4,1,'2017-03-20 03:43:22','2017-04-04 22:06:56'),(71,3,26,0.25,'USD',10,1,'2017-03-20 14:05:16','2017-04-04 22:06:56'),(72,3,26,0.05,'USD',8,1,'2017-03-20 16:53:48','2017-04-04 22:06:56'),(73,3,26,0.05,'USD',7,1,'2017-03-21 13:55:00','2017-04-04 22:06:56'),(74,3,26,0.25,'USD',10,1,'2017-03-21 23:31:42','2017-04-04 22:06:56'),(75,3,26,0.25,'USD',10,1,'2017-03-23 14:18:14','2017-04-04 22:06:56'),(76,3,26,0.10,'USD',4,1,'2017-03-23 14:18:18','2017-04-04 22:06:56'),(77,3,26,0.10,'USD',4,1,'2017-03-23 14:18:23','2017-04-04 22:06:56'),(78,3,26,0.25,'USD',10,1,'2017-03-23 14:19:27','2017-04-04 22:06:56'),(79,3,26,0.25,'USD',10,1,'2017-03-23 14:29:37','2017-04-04 22:06:56'),(80,3,26,0.25,'USD',10,1,'2017-03-23 14:29:40','2017-04-04 22:06:56'),(81,3,26,0.25,'USD',10,1,'2017-03-23 14:29:43','2017-04-04 22:06:56'),(82,3,26,0.05,'USD',7,1,'2017-03-23 14:29:46','2017-04-04 22:06:56'),(83,3,26,0.10,'USD',4,1,'2017-03-23 14:29:49','2017-04-04 22:06:56'),(84,3,26,0.10,'USD',4,1,'2017-03-23 14:29:51','2017-04-04 22:06:56'),(85,3,26,0.25,'USD',10,1,'2017-03-26 15:18:39','2017-04-04 22:06:56'),(86,18,18,0.25,'USD',10,0,'2017-03-26 18:50:03','2017-03-26 18:50:03'),(87,18,18,0.25,'USD',10,0,'2017-03-26 18:50:28','2017-03-26 18:50:28'),(88,18,18,0.25,'USD',10,0,'2017-03-26 18:50:34','2017-03-26 18:50:34'),(89,18,18,0.25,'USD',10,0,'2017-03-26 18:50:38','2017-03-26 18:50:38'),(90,18,18,0.25,'USD',10,0,'2017-03-26 18:50:40','2017-03-26 18:50:40'),(91,18,18,0.25,'USD',10,0,'2017-03-26 19:00:57','2017-03-26 19:00:57'),(92,18,18,0.25,'USD',10,0,'2017-03-26 19:01:02','2017-03-26 19:01:02'),(93,18,18,0.25,'USD',10,0,'2017-03-26 19:01:04','2017-03-26 19:01:04'),(94,18,18,0.25,'USD',10,0,'2017-03-26 19:01:07','2017-03-26 19:01:07'),(95,18,18,0.25,'USD',10,0,'2017-03-29 19:24:27','2017-03-29 19:24:27'),(96,3,26,0.05,'USD',7,1,'2017-03-29 21:40:10','2017-04-04 22:06:56'),(97,3,26,0.05,'USD',7,1,'2017-03-30 11:15:01','2017-04-04 22:06:56'),(98,22,22,0.10,'USD',3,1,'2017-03-30 13:16:51','2017-04-04 05:33:00'),(99,22,22,0.01,'USD',5,1,'2017-03-30 13:16:54','2017-04-04 05:33:00'),(100,22,22,0.01,'USD',5,1,'2017-03-30 13:17:02','2017-04-04 05:33:00'),(101,22,22,0.01,'USD',5,1,'2017-03-30 13:17:08','2017-04-04 05:33:00'),(102,22,22,0.10,'USD',3,1,'2017-03-30 13:17:09','2017-04-04 05:33:00'),(103,22,22,0.10,'USD',3,1,'2017-03-30 13:36:20','2017-04-04 05:33:00'),(104,22,22,0.10,'USD',3,1,'2017-03-30 13:36:29','2017-04-04 05:33:00'),(105,22,22,0.10,'USD',3,1,'2017-03-30 13:36:40','2017-04-04 05:33:00'),(106,22,22,0.10,'USD',3,1,'2017-03-30 13:36:53','2017-04-04 05:33:00'),(107,22,22,0.10,'USD',3,1,'2017-03-30 13:36:55','2017-04-04 05:33:00'),(108,22,22,0.01,'USD',5,1,'2017-03-30 13:36:57','2017-04-04 05:33:00'),(109,22,22,0.01,'USD',5,1,'2017-03-30 13:36:59','2017-04-04 05:33:00'),(110,22,22,0.01,'USD',5,1,'2017-03-30 13:37:00','2017-04-04 05:33:00'),(111,22,22,0.01,'USD',5,1,'2017-03-30 13:37:08','2017-04-04 05:33:00'),(112,22,22,0.10,'USD',3,1,'2017-03-30 13:37:15','2017-04-04 05:33:00'),(113,22,22,0.01,'USD',5,1,'2017-03-30 13:37:17','2017-04-04 05:33:00'),(114,22,22,0.01,'USD',5,1,'2017-03-30 13:37:19','2017-04-04 05:33:00'),(115,22,22,0.01,'USD',5,1,'2017-03-30 13:37:22','2017-04-04 05:33:00'),(116,22,22,0.01,'USD',5,1,'2017-03-30 13:37:27','2017-04-04 05:33:00'),(117,22,22,0.01,'USD',5,1,'2017-03-30 13:37:28','2017-04-04 05:33:00'),(118,22,22,0.10,'USD',3,1,'2017-03-30 13:37:30','2017-04-04 05:33:00'),(119,22,22,0.10,'USD',3,1,'2017-03-30 13:37:33','2017-04-04 05:33:00'),(120,22,22,0.01,'USD',5,1,'2017-03-30 13:38:11','2017-04-04 05:33:00'),(121,22,22,0.01,'USD',5,1,'2017-03-30 13:38:12','2017-04-04 05:33:00'),(122,22,22,0.01,'USD',5,1,'2017-03-30 13:38:13','2017-04-04 05:33:00'),(123,22,22,0.10,'USD',3,1,'2017-03-30 13:38:14','2017-04-04 05:33:00'),(124,22,22,0.01,'USD',5,1,'2017-03-30 13:38:17','2017-04-04 05:33:00'),(125,22,22,0.10,'USD',3,1,'2017-03-30 13:38:28','2017-04-04 05:33:00'),(126,22,22,0.10,'USD',3,1,'2017-03-30 13:44:27','2017-04-04 05:33:00'),(127,22,22,0.01,'USD',5,1,'2017-03-30 13:44:32','2017-04-04 05:33:00'),(128,22,22,0.01,'USD',5,1,'2017-03-30 13:44:33','2017-04-04 05:33:00'),(129,22,22,0.01,'USD',5,1,'2017-03-30 13:44:39','2017-04-04 05:33:00'),(130,22,22,0.10,'USD',3,1,'2017-03-30 13:44:40','2017-04-04 05:33:00'),(131,22,22,0.01,'USD',5,1,'2017-03-30 13:44:43','2017-04-04 05:33:00'),(132,22,22,0.10,'USD',3,1,'2017-03-30 13:44:49','2017-04-04 05:33:00'),(133,22,22,0.01,'USD',5,1,'2017-03-30 13:44:51','2017-04-04 05:33:00'),(134,22,22,0.01,'USD',5,1,'2017-03-30 13:44:54','2017-04-04 05:33:00'),(135,22,22,0.01,'USD',5,1,'2017-03-30 13:44:55','2017-04-04 05:33:00'),(136,22,22,0.01,'USD',5,1,'2017-03-30 13:44:57','2017-04-04 05:33:00'),(137,22,22,0.01,'USD',5,1,'2017-03-30 13:45:00','2017-04-04 05:33:00'),(138,22,22,0.01,'USD',5,1,'2017-03-30 13:45:04','2017-04-04 05:33:00'),(139,22,22,0.01,'USD',5,1,'2017-03-30 13:45:09','2017-04-04 05:33:00'),(140,3,26,0.25,'USD',11,1,'2017-03-30 14:54:48','2017-04-04 22:06:56'),(141,3,26,0.25,'USD',11,1,'2017-03-30 14:56:49','2017-04-04 22:06:56'),(142,3,26,0.25,'USD',11,1,'2017-03-30 14:57:33','2017-04-04 22:06:56'),(143,3,26,0.01,'USD',5,1,'2017-03-30 15:24:33','2017-04-04 22:06:56'),(144,3,26,0.01,'USD',5,1,'2017-03-30 15:24:55','2017-04-04 22:06:56'),(145,3,26,0.01,'USD',5,1,'2017-03-30 15:25:36','2017-04-04 22:06:56'),(146,3,26,0.01,'USD',5,1,'2017-03-30 15:30:05','2017-04-04 22:06:56'),(147,3,26,0.01,'USD',5,1,'2017-03-30 15:31:59','2017-04-04 22:06:56'),(148,3,26,0.01,'USD',5,1,'2017-03-30 15:47:58','2017-04-04 22:06:56'),(149,3,26,0.50,'USD',30,1,'2017-03-30 16:54:12','2017-04-04 22:06:56'),(150,3,26,0.50,'USD',130,1,'2017-03-30 20:50:14','2017-04-04 22:06:56'),(151,22,22,0.01,'USD',5,1,'2017-03-31 02:57:05','2017-04-04 05:33:00'),(152,22,22,0.01,'USD',5,1,'2017-03-31 02:57:08','2017-04-04 05:33:00'),(153,3,26,0.50,'USD',133,1,'2017-03-31 06:24:34','2017-04-04 22:06:56'),(154,3,26,0.01,'USD',6,1,'2017-03-31 09:18:41','2017-04-04 22:06:56'),(155,3,26,0.05,'USD',7,1,'2017-03-31 09:19:34','2017-04-04 22:06:56'),(156,3,26,0.05,'USD',7,1,'2017-03-31 09:22:29','2017-04-04 22:06:56'),(157,3,26,0.05,'USD',7,1,'2017-03-31 14:44:20','2017-04-04 22:06:56'),(158,22,22,0.10,'USD',3,1,'2017-04-01 09:24:32','2017-04-04 05:33:00'),(159,22,22,0.01,'USD',5,1,'2017-04-01 09:24:38','2017-04-04 05:33:00'),(160,22,22,0.01,'USD',5,1,'2017-04-01 09:24:49','2017-04-04 05:33:00'),(161,22,22,0.10,'USD',3,1,'2017-04-01 09:24:55','2017-04-04 05:33:00'),(162,22,22,0.10,'USD',3,1,'2017-04-01 09:24:59','2017-04-04 05:33:00'),(163,22,22,0.10,'USD',3,1,'2017-04-01 09:25:17','2017-04-04 05:33:00'),(164,22,22,0.10,'USD',3,1,'2017-04-01 09:25:23','2017-04-04 05:33:00'),(165,22,22,0.10,'USD',3,1,'2017-04-01 09:25:25','2017-04-04 05:33:00'),(166,22,22,0.10,'USD',3,1,'2017-04-01 09:25:27','2017-04-04 05:33:00'),(167,22,22,0.01,'USD',5,1,'2017-04-01 09:25:31','2017-04-04 05:33:00'),(168,22,22,0.01,'USD',5,1,'2017-04-01 09:25:32','2017-04-04 05:33:00'),(169,22,22,0.10,'USD',3,1,'2017-04-01 09:25:34','2017-04-04 05:33:00'),(170,22,22,0.10,'USD',3,1,'2017-04-01 09:25:37','2017-04-04 05:33:00'),(171,22,22,0.10,'USD',3,1,'2017-04-01 09:25:38','2017-04-04 05:33:00'),(172,22,22,0.10,'USD',3,1,'2017-04-01 09:25:38','2017-04-04 05:33:00'),(173,22,22,0.10,'USD',3,1,'2017-04-01 09:25:39','2017-04-04 05:33:00'),(174,22,22,0.10,'USD',3,1,'2017-04-01 09:25:40','2017-04-04 05:33:00'),(175,22,22,0.10,'USD',3,1,'2017-04-01 09:25:41','2017-04-04 05:33:00'),(176,22,22,0.10,'USD',3,1,'2017-04-01 09:25:42','2017-04-04 05:33:00'),(177,22,22,0.01,'USD',5,1,'2017-04-01 09:25:44','2017-04-04 05:33:00'),(178,22,22,0.01,'USD',5,1,'2017-04-01 09:25:45','2017-04-04 05:33:00'),(179,22,22,0.10,'USD',3,1,'2017-04-01 09:25:47','2017-04-04 05:33:00'),(180,22,22,0.01,'USD',5,1,'2017-04-01 09:25:48','2017-04-04 05:33:00'),(181,22,22,0.10,'USD',3,1,'2017-04-01 09:25:52','2017-04-04 05:33:00'),(182,22,22,0.01,'USD',5,1,'2017-04-01 09:26:01','2017-04-04 05:33:00'),(183,22,22,0.01,'USD',5,1,'2017-04-01 09:26:02','2017-04-04 05:33:00'),(184,22,22,0.01,'USD',5,1,'2017-04-01 09:26:03','2017-04-04 05:33:00'),(185,22,22,0.01,'USD',5,1,'2017-04-01 09:26:04','2017-04-04 05:33:00'),(186,22,22,0.01,'USD',5,1,'2017-04-01 09:26:06','2017-04-04 05:33:00'),(187,22,22,0.01,'USD',5,1,'2017-04-01 09:26:12','2017-04-04 05:33:00'),(188,22,22,0.01,'USD',5,1,'2017-04-01 09:26:13','2017-04-04 05:33:00'),(189,22,22,0.10,'USD',3,1,'2017-04-01 09:26:20','2017-04-04 05:33:00'),(190,22,22,0.01,'USD',5,1,'2017-04-01 09:26:23','2017-04-04 05:33:00'),(191,22,22,0.01,'USD',5,1,'2017-04-01 09:26:25','2017-04-04 05:33:00'),(192,22,22,0.01,'USD',5,1,'2017-04-01 09:26:28','2017-04-04 05:33:00'),(193,22,22,0.01,'USD',5,1,'2017-04-01 09:26:28','2017-04-04 05:33:00'),(194,22,22,0.01,'USD',5,1,'2017-04-01 09:26:37','2017-04-04 05:33:00'),(195,22,22,0.10,'USD',3,1,'2017-04-01 09:26:39','2017-04-04 05:33:00'),(196,22,22,0.10,'USD',3,1,'2017-04-01 09:26:45','2017-04-04 05:33:00'),(197,22,22,0.10,'USD',3,1,'2017-04-01 09:26:46','2017-04-04 05:33:00'),(198,22,22,0.10,'USD',3,1,'2017-04-01 09:26:54','2017-04-04 05:33:00'),(199,22,22,0.10,'USD',3,1,'2017-04-01 09:26:56','2017-04-04 05:33:00'),(200,22,22,0.10,'USD',3,1,'2017-04-01 09:26:59','2017-04-04 05:33:00'),(201,22,22,0.01,'USD',5,1,'2017-04-01 09:27:04','2017-04-04 05:33:00'),(202,22,22,0.01,'USD',5,1,'2017-04-01 09:27:05','2017-04-04 05:33:00'),(203,22,22,0.10,'USD',3,1,'2017-04-01 09:27:08','2017-04-04 05:33:00'),(204,22,22,0.10,'USD',3,1,'2017-04-01 09:27:09','2017-04-04 05:33:00'),(205,22,22,0.10,'USD',3,1,'2017-04-01 09:27:10','2017-04-04 05:33:00'),(206,22,22,0.10,'USD',3,1,'2017-04-01 09:27:12','2017-04-04 05:33:00'),(207,22,22,0.10,'USD',3,1,'2017-04-01 09:27:13','2017-04-04 05:33:00'),(208,22,22,0.10,'USD',3,1,'2017-04-01 09:27:14','2017-04-04 05:33:00'),(209,22,22,0.10,'USD',3,1,'2017-04-01 09:27:15','2017-04-04 05:33:00'),(210,22,22,0.10,'USD',3,1,'2017-04-01 09:27:18','2017-04-04 05:33:00'),(211,22,22,0.01,'USD',5,1,'2017-04-01 09:27:21','2017-04-04 05:33:00'),(212,22,22,0.01,'USD',5,1,'2017-04-01 09:27:25','2017-04-04 05:33:00'),(213,22,22,0.01,'USD',5,1,'2017-04-01 09:27:36','2017-04-04 05:33:00'),(214,22,22,0.10,'USD',3,1,'2017-04-01 11:48:41','2017-04-04 05:33:00'),(215,22,22,0.10,'USD',3,1,'2017-04-01 11:48:44','2017-04-04 05:33:00'),(216,3,26,0.01,'USD',5,1,'2017-04-02 19:04:50','2017-04-04 22:06:56'),(217,3,26,0.25,'USD',11,1,'2017-04-02 22:05:13','2017-04-04 22:06:56'),(218,3,26,0.50,'USD',131,1,'2017-04-02 23:26:22','2017-04-04 22:06:56'),(219,3,26,0.05,'USD',7,1,'2017-04-03 00:30:22','2017-04-04 22:06:56'),(220,3,26,0.05,'USD',7,1,'2017-04-03 07:32:04','2017-04-04 22:06:56'),(221,3,26,0.01,'USD',6,1,'2017-04-03 07:43:07','2017-04-04 22:06:56'),(222,3,26,0.05,'USD',7,1,'2017-04-03 07:45:38','2017-04-04 22:06:56'),(223,3,26,0.25,'USD',11,1,'2017-04-03 07:51:01','2017-04-04 22:06:56'),(224,3,26,0.10,'USD',0,1,'2017-04-03 08:01:06','2017-04-04 22:06:56'),(225,3,26,0.05,'USD',7,1,'2017-04-03 08:01:46','2017-04-04 22:06:56'),(226,3,26,0.01,'USD',5,1,'2017-04-03 08:02:47','2017-04-04 22:06:56'),(227,3,26,0.01,'USD',5,1,'2017-04-03 08:03:03','2017-04-04 22:06:56'),(228,3,26,0.05,'USD',9,1,'2017-04-03 08:03:45','2017-04-04 22:06:56'),(229,3,26,0.25,'USD',11,1,'2017-04-03 08:03:56','2017-04-04 22:06:56'),(230,3,26,0.10,'USD',4,1,'2017-04-03 08:04:27','2017-04-04 22:06:56'),(231,3,26,0.05,'USD',8,1,'2017-04-03 08:04:36','2017-04-04 22:06:56'),(232,3,26,0.10,'USD',4,1,'2017-04-03 08:04:55','2017-04-04 22:06:56'),(233,3,26,0.01,'USD',5,1,'2017-04-03 08:05:04','2017-04-04 22:06:56'),(234,3,26,0.01,'USD',5,1,'2017-04-03 08:05:08','2017-04-04 22:06:56'),(235,3,26,0.01,'USD',5,1,'2017-04-03 08:05:11','2017-04-04 22:06:56'),(236,3,26,0.05,'USD',8,1,'2017-04-03 08:14:20','2017-04-04 22:06:56'),(237,3,26,0.05,'USD',9,1,'2017-04-03 08:14:24','2017-04-04 22:06:56'),(238,3,26,0.05,'USD',9,1,'2017-04-03 08:19:37','2017-04-04 22:06:56'),(239,3,26,0.25,'USD',11,1,'2017-04-03 08:28:18','2017-04-04 22:06:56'),(240,3,26,0.25,'USD',10,1,'2017-04-03 08:35:53','2017-04-04 22:06:56'),(241,3,26,0.25,'USD',10,1,'2017-04-03 08:35:57','2017-04-04 22:06:56'),(242,3,26,0.25,'USD',10,1,'2017-04-03 08:41:09','2017-04-04 22:06:56'),(243,18,18,0.25,'USD',10,0,'2017-04-03 12:43:53','2017-04-03 12:43:53'),(244,18,18,0.25,'USD',10,0,'2017-04-03 12:45:02','2017-04-03 12:45:02'),(245,22,22,0.01,'USD',5,1,'2017-04-03 13:19:28','2017-04-04 05:33:00'),(246,22,22,0.01,'USD',5,1,'2017-04-03 13:19:30','2017-04-04 05:33:00'),(247,22,22,0.10,'USD',3,1,'2017-04-03 13:19:34','2017-04-04 05:33:00'),(248,22,22,0.01,'USD',5,1,'2017-04-03 13:19:36','2017-04-04 05:33:00'),(249,22,22,0.01,'USD',5,1,'2017-04-03 13:19:37','2017-04-04 05:33:00'),(250,22,22,0.10,'USD',3,1,'2017-04-03 13:19:39','2017-04-04 05:33:00'),(251,22,22,0.01,'USD',5,1,'2017-04-03 13:19:45','2017-04-04 05:33:00'),(252,22,22,0.01,'USD',5,1,'2017-04-03 13:19:46','2017-04-04 05:33:00'),(253,22,22,0.10,'USD',3,1,'2017-04-03 13:19:47','2017-04-04 05:33:00'),(254,22,22,0.01,'USD',5,1,'2017-04-03 13:55:05','2017-04-04 05:33:00'),(255,22,22,0.10,'USD',3,1,'2017-04-03 13:55:09','2017-04-04 05:33:00'),(256,22,22,0.01,'USD',5,1,'2017-04-03 14:00:02','2017-04-04 05:33:00'),(257,22,22,0.10,'USD',3,1,'2017-04-03 14:00:08','2017-04-04 05:33:00'),(258,22,22,0.10,'USD',3,1,'2017-04-03 14:00:10','2017-04-04 05:33:00'),(259,22,22,0.01,'USD',5,1,'2017-04-03 14:00:13','2017-04-04 05:33:00'),(260,3,26,0.01,'USD',5,1,'2017-04-03 16:30:47','2017-04-04 22:06:56'),(261,3,26,0.05,'USD',8,1,'2017-04-03 16:44:12','2017-04-04 22:06:56'),(262,3,26,0.05,'USD',9,1,'2017-04-03 16:53:00','2017-04-04 22:06:56'),(263,3,26,0.05,'USD',9,1,'2017-04-03 16:53:05','2017-04-04 22:06:56'),(264,3,26,0.25,'USD',10,1,'2017-04-03 16:53:13','2017-04-04 22:06:56'),(265,3,26,0.05,'USD',9,1,'2017-04-03 16:53:16','2017-04-04 22:06:56'),(266,3,26,0.25,'USD',10,1,'2017-04-03 16:53:19','2017-04-04 22:06:56'),(267,3,26,0.10,'USD',4,1,'2017-04-03 16:58:41','2017-04-04 22:06:56'),(268,3,26,0.10,'USD',4,1,'2017-04-03 16:59:24','2017-04-04 22:06:56'),(269,3,26,0.05,'USD',8,1,'2017-04-03 16:59:45','2017-04-04 22:06:56'),(270,3,26,0.05,'USD',8,1,'2017-04-03 16:59:48','2017-04-04 22:06:56'),(271,3,26,0.05,'USD',7,1,'2017-04-03 16:59:52','2017-04-04 22:06:56'),(272,3,26,0.05,'USD',8,1,'2017-04-03 16:59:55','2017-04-04 22:06:56'),(273,3,26,0.05,'USD',7,1,'2017-04-03 17:00:02','2017-04-04 22:06:56'),(274,3,26,0.05,'USD',8,1,'2017-04-03 17:00:53','2017-04-04 22:06:56'),(275,3,26,0.05,'USD',9,1,'2017-04-03 17:01:41','2017-04-04 22:06:56'),(276,3,26,0.05,'USD',9,1,'2017-04-03 17:01:55','2017-04-04 22:06:56'),(277,3,26,0.05,'USD',9,1,'2017-04-03 17:02:02','2017-04-04 22:06:56'),(278,3,26,0.25,'USD',10,1,'2017-04-03 17:02:06','2017-04-04 22:06:56'),(279,3,26,0.05,'USD',9,1,'2017-04-03 17:04:52','2017-04-04 22:06:56'),(280,3,26,0.05,'USD',9,1,'2017-04-03 17:09:20','2017-04-04 22:06:56'),(281,3,26,0.01,'USD',6,1,'2017-04-03 17:10:09','2017-04-04 22:06:56'),(282,3,26,0.05,'USD',9,1,'2017-04-03 17:10:17','2017-04-04 22:06:56'),(283,3,26,0.05,'USD',9,1,'2017-04-03 17:10:20','2017-04-04 22:06:56'),(284,3,26,0.05,'USD',8,1,'2017-04-03 17:10:25','2017-04-04 22:06:56'),(285,3,26,0.05,'USD',8,1,'2017-04-03 17:10:32','2017-04-04 22:06:56'),(286,3,26,0.05,'USD',9,1,'2017-04-03 17:27:24','2017-04-04 22:06:56'),(287,3,26,0.05,'USD',9,1,'2017-04-03 17:27:30','2017-04-04 22:06:56'),(288,3,26,0.05,'USD',9,1,'2017-04-03 17:27:35','2017-04-04 22:06:56'),(289,3,26,0.05,'USD',9,1,'2017-04-03 17:27:38','2017-04-04 22:06:56'),(290,3,26,0.05,'USD',9,1,'2017-04-03 17:27:45','2017-04-04 22:06:56'),(291,3,26,0.05,'USD',7,1,'2017-04-03 17:31:07','2017-04-04 22:06:56'),(292,3,26,0.05,'USD',9,1,'2017-04-03 17:42:39','2017-04-04 22:06:56'),(293,3,26,0.25,'USD',10,1,'2017-04-03 17:42:45','2017-04-04 22:06:56'),(294,3,26,0.25,'USD',10,1,'2017-04-03 17:42:49','2017-04-04 22:06:56'),(295,3,26,0.25,'USD',10,1,'2017-04-03 17:42:53','2017-04-04 22:06:56'),(296,3,26,0.05,'USD',9,1,'2017-04-03 17:44:43','2017-04-04 22:06:56'),(297,3,26,0.05,'USD',9,1,'2017-04-03 17:44:47','2017-04-04 22:06:56'),(298,3,26,0.05,'USD',9,1,'2017-04-03 17:44:55','2017-04-04 22:06:56'),(299,3,26,0.05,'USD',9,1,'2017-04-03 17:44:58','2017-04-04 22:06:56'),(300,3,26,0.05,'USD',9,1,'2017-04-03 17:45:01','2017-04-04 22:06:56'),(301,3,26,0.05,'USD',8,1,'2017-04-03 17:47:43','2017-04-04 22:06:56'),(302,3,26,0.05,'USD',9,1,'2017-04-03 17:47:46','2017-04-04 22:06:56'),(303,3,26,0.25,'USD',10,1,'2017-04-03 17:47:54','2017-04-04 22:06:56'),(304,3,26,0.25,'USD',10,1,'2017-04-03 17:47:57','2017-04-04 22:06:56'),(305,3,26,0.25,'USD',10,1,'2017-04-03 17:48:00','2017-04-04 22:06:56'),(306,3,26,0.25,'USD',11,1,'2017-04-03 17:48:41','2017-04-04 22:06:56'),(307,3,26,0.25,'USD',10,1,'2017-04-03 17:49:04','2017-04-04 22:06:56'),(308,3,26,0.25,'USD',11,1,'2017-04-03 17:50:12','2017-04-04 22:06:56'),(309,3,26,0.25,'USD',11,1,'2017-04-03 17:50:19','2017-04-04 22:06:56'),(310,3,26,0.25,'USD',11,1,'2017-04-03 17:50:23','2017-04-04 22:06:56'),(311,3,26,0.25,'USD',11,1,'2017-04-03 17:50:26','2017-04-04 22:06:56'),(312,3,26,0.01,'USD',6,1,'2017-04-03 17:51:22','2017-04-04 22:06:56'),(313,3,26,0.01,'USD',6,1,'2017-04-03 17:51:31','2017-04-04 22:06:56'),(314,3,26,0.25,'USD',10,1,'2017-04-03 17:52:02','2017-04-04 22:06:56'),(315,3,26,0.25,'USD',10,1,'2017-04-03 17:52:06','2017-04-04 22:06:56'),(316,3,26,0.01,'USD',6,1,'2017-04-03 17:52:09','2017-04-04 22:06:56'),(317,3,26,0.25,'USD',10,1,'2017-04-03 17:52:16','2017-04-04 22:06:56'),(318,3,26,0.25,'USD',10,1,'2017-04-03 18:06:29','2017-04-04 22:06:56'),(319,3,26,0.25,'USD',10,1,'2017-04-03 18:06:30','2017-04-04 22:06:56'),(320,3,26,0.25,'USD',10,1,'2017-04-03 18:06:31','2017-04-04 22:06:56'),(321,3,26,0.25,'USD',10,1,'2017-04-03 18:07:24','2017-04-04 22:06:56'),(322,3,26,0.25,'USD',10,1,'2017-04-03 18:07:25','2017-04-04 22:06:56'),(323,3,26,0.25,'USD',10,1,'2017-04-03 18:07:26','2017-04-04 22:06:56'),(324,3,26,0.25,'USD',10,1,'2017-04-03 18:07:27','2017-04-04 22:06:56'),(325,3,26,0.25,'USD',10,1,'2017-04-03 18:14:10','2017-04-04 22:06:56'),(326,3,26,0.25,'USD',10,1,'2017-04-03 18:14:12','2017-04-04 22:06:56'),(327,3,26,0.25,'USD',10,1,'2017-04-03 18:14:13','2017-04-04 22:06:56'),(328,3,26,0.25,'USD',10,1,'2017-04-03 18:14:14','2017-04-04 22:06:56'),(329,3,26,0.25,'USD',10,1,'2017-04-03 18:15:07','2017-04-04 22:06:56'),(330,3,26,0.25,'USD',10,1,'2017-04-03 18:15:08','2017-04-04 22:06:56'),(331,3,26,0.25,'USD',10,1,'2017-04-03 18:15:09','2017-04-04 22:06:56'),(332,3,26,0.25,'USD',10,1,'2017-04-03 18:15:10','2017-04-04 22:06:56'),(333,3,26,0.25,'USD',10,1,'2017-04-03 18:16:26','2017-04-04 22:06:56'),(334,3,26,0.25,'USD',11,1,'2017-04-03 18:16:27','2017-04-04 22:06:56'),(335,3,26,0.25,'USD',11,1,'2017-04-03 18:16:28','2017-04-04 22:06:56'),(336,3,26,0.25,'USD',11,1,'2017-04-03 18:16:29','2017-04-04 22:06:56'),(337,3,26,0.25,'USD',11,1,'2017-04-03 18:16:30','2017-04-04 22:06:56'),(338,3,26,0.25,'USD',11,1,'2017-04-03 18:16:31','2017-04-04 22:06:56'),(339,3,26,0.25,'USD',11,1,'2017-04-03 18:19:55','2017-04-04 22:06:56'),(340,3,26,0.25,'USD',11,1,'2017-04-03 18:19:56','2017-04-04 22:06:56'),(341,3,26,0.25,'USD',11,1,'2017-04-03 18:19:58','2017-04-04 22:06:56'),(342,3,26,0.25,'USD',11,1,'2017-04-03 18:19:59','2017-04-04 22:06:56'),(343,3,26,0.25,'USD',10,1,'2017-04-03 18:20:00','2017-04-04 22:06:56'),(344,3,26,0.25,'USD',11,1,'2017-04-03 18:27:08','2017-04-04 22:06:56'),(345,3,26,0.25,'USD',11,1,'2017-04-03 18:27:11','2017-04-04 22:06:56'),(346,3,26,0.25,'USD',11,1,'2017-04-03 18:27:13','2017-04-04 22:06:56'),(347,3,26,0.25,'USD',11,1,'2017-04-03 18:27:15','2017-04-04 22:06:56'),(348,3,26,0.25,'USD',11,1,'2017-04-03 18:27:16','2017-04-04 22:06:56'),(349,3,26,0.25,'USD',11,1,'2017-04-03 18:27:17','2017-04-04 22:06:56'),(350,3,26,0.25,'USD',11,1,'2017-04-03 18:27:18','2017-04-04 22:06:56'),(351,3,26,0.25,'USD',11,1,'2017-04-03 18:27:19','2017-04-04 22:06:56'),(352,3,26,0.25,'USD',11,1,'2017-04-03 18:27:20','2017-04-04 22:06:56'),(353,3,26,0.25,'USD',11,1,'2017-04-03 18:27:21','2017-04-04 22:06:56'),(354,3,26,0.25,'USD',11,1,'2017-04-03 18:27:22','2017-04-04 22:06:56'),(355,3,26,0.25,'USD',11,1,'2017-04-03 18:27:23','2017-04-04 22:06:56'),(356,3,26,0.25,'USD',10,1,'2017-04-03 18:27:45','2017-04-04 22:06:56'),(357,3,26,0.25,'USD',11,1,'2017-04-03 18:31:06','2017-04-04 22:06:56'),(358,3,26,0.25,'USD',11,1,'2017-04-03 18:31:07','2017-04-04 22:06:56'),(359,3,26,0.25,'USD',11,1,'2017-04-03 18:31:09','2017-04-04 22:06:56'),(360,3,26,0.25,'USD',11,1,'2017-04-03 18:31:10','2017-04-04 22:06:56'),(361,3,26,0.25,'USD',11,1,'2017-04-03 18:31:11','2017-04-04 22:06:56'),(362,3,26,0.25,'USD',11,1,'2017-04-03 18:31:12','2017-04-04 22:06:56'),(363,3,26,0.25,'USD',11,1,'2017-04-03 18:31:14','2017-04-04 22:06:56'),(364,3,26,0.25,'USD',11,1,'2017-04-03 18:31:17','2017-04-04 22:06:56'),(365,3,26,0.25,'USD',11,1,'2017-04-03 18:31:18','2017-04-04 22:06:56'),(366,3,26,0.25,'USD',11,1,'2017-04-03 18:31:19','2017-04-04 22:06:56'),(367,3,26,0.25,'USD',11,1,'2017-04-03 18:31:21','2017-04-04 22:06:56'),(368,3,26,0.25,'USD',10,1,'2017-04-03 18:31:41','2017-04-04 22:06:56'),(369,3,26,0.25,'USD',11,1,'2017-04-03 18:31:46','2017-04-04 22:06:56'),(370,3,26,0.25,'USD',10,1,'2017-04-03 18:31:47','2017-04-04 22:06:56'),(371,3,26,0.25,'USD',10,1,'2017-04-03 18:31:49','2017-04-04 22:06:56'),(372,3,26,0.25,'USD',10,1,'2017-04-03 18:31:50','2017-04-04 22:06:56'),(373,3,26,0.25,'USD',10,1,'2017-04-03 18:31:51','2017-04-04 22:06:56'),(374,3,26,0.25,'USD',10,1,'2017-04-03 18:31:52','2017-04-04 22:06:56'),(375,3,26,0.25,'USD',11,1,'2017-04-03 18:32:51','2017-04-04 22:06:56'),(376,3,26,0.25,'USD',10,1,'2017-04-03 18:32:54','2017-04-04 22:06:56'),(377,3,26,0.25,'USD',10,1,'2017-04-03 18:34:42','2017-04-04 22:06:56'),(378,3,26,0.25,'USD',10,1,'2017-04-03 18:34:43','2017-04-04 22:06:56'),(379,3,26,0.25,'USD',11,1,'2017-04-03 18:38:42','2017-04-04 22:06:56'),(380,3,26,0.25,'USD',11,1,'2017-04-03 18:38:43','2017-04-04 22:06:56'),(381,3,26,0.25,'USD',11,1,'2017-04-03 18:38:44','2017-04-04 22:06:56'),(382,3,26,0.25,'USD',11,1,'2017-04-03 18:38:46','2017-04-04 22:06:56'),(383,3,26,0.25,'USD',11,1,'2017-04-03 18:38:49','2017-04-04 22:06:56'),(384,3,26,0.25,'USD',11,1,'2017-04-03 18:38:50','2017-04-04 22:06:56'),(385,3,26,0.25,'USD',11,1,'2017-04-03 18:38:51','2017-04-04 22:06:56'),(386,3,26,0.25,'USD',11,1,'2017-04-03 18:38:52','2017-04-04 22:06:56'),(387,3,26,0.25,'USD',11,1,'2017-04-03 18:38:53','2017-04-04 22:06:56'),(388,3,26,0.25,'USD',10,1,'2017-04-03 18:38:54','2017-04-04 22:06:56'),(389,3,26,0.25,'USD',10,1,'2017-04-03 18:38:55','2017-04-04 22:06:56'),(390,3,26,0.25,'USD',10,1,'2017-04-03 18:38:56','2017-04-04 22:06:56'),(391,3,26,0.25,'USD',11,1,'2017-04-03 18:41:26','2017-04-04 22:06:56'),(392,3,26,0.25,'USD',11,1,'2017-04-03 18:41:27','2017-04-04 22:06:56'),(393,3,26,0.25,'USD',10,1,'2017-04-03 18:41:29','2017-04-04 22:06:56'),(394,3,26,0.25,'USD',11,1,'2017-04-03 18:41:30','2017-04-04 22:06:56'),(395,3,26,0.25,'USD',10,1,'2017-04-03 18:41:31','2017-04-04 22:06:56'),(396,3,26,0.25,'USD',10,1,'2017-04-03 18:41:32','2017-04-04 22:06:56'),(397,3,26,0.25,'USD',10,1,'2017-04-03 18:41:34','2017-04-04 22:06:56'),(398,3,26,0.25,'USD',10,1,'2017-04-03 18:41:35','2017-04-04 22:06:56'),(399,3,26,0.25,'USD',10,1,'2017-04-03 18:41:37','2017-04-04 22:06:56'),(400,3,26,0.25,'USD',10,1,'2017-04-03 18:41:38','2017-04-04 22:06:56'),(401,3,26,0.25,'USD',10,1,'2017-04-03 18:43:51','2017-04-04 22:06:56'),(402,3,26,0.25,'USD',10,1,'2017-04-03 18:43:53','2017-04-04 22:06:56'),(403,3,26,0.25,'USD',10,1,'2017-04-03 18:43:54','2017-04-04 22:06:56'),(404,3,26,0.25,'USD',10,1,'2017-04-03 18:43:55','2017-04-04 22:06:56'),(405,3,26,0.25,'USD',10,1,'2017-04-03 18:43:56','2017-04-04 22:06:56'),(406,3,26,0.25,'USD',10,1,'2017-04-03 18:43:57','2017-04-04 22:06:56'),(407,3,26,0.25,'USD',10,1,'2017-04-03 18:43:58','2017-04-04 22:06:56'),(408,3,26,0.25,'USD',10,1,'2017-04-03 18:43:59','2017-04-04 22:06:56'),(409,3,26,0.25,'USD',10,1,'2017-04-03 18:49:08','2017-04-04 22:06:56'),(410,3,26,0.25,'USD',11,1,'2017-04-03 18:52:45','2017-04-04 22:06:56'),(411,3,26,0.25,'USD',11,1,'2017-04-03 18:52:46','2017-04-04 22:06:56'),(412,3,26,0.25,'USD',11,1,'2017-04-03 18:52:47','2017-04-04 22:06:56'),(413,3,26,0.25,'USD',11,1,'2017-04-03 18:52:48','2017-04-04 22:06:56'),(414,3,26,0.25,'USD',11,1,'2017-04-03 18:52:50','2017-04-04 22:06:56'),(415,3,26,0.25,'USD',10,1,'2017-04-03 18:52:51','2017-04-04 22:06:56'),(416,3,26,0.25,'USD',10,1,'2017-04-03 18:52:53','2017-04-04 22:06:56'),(417,3,26,0.25,'USD',10,1,'2017-04-03 18:52:55','2017-04-04 22:06:56'),(418,3,26,0.25,'USD',10,1,'2017-04-03 18:52:56','2017-04-04 22:06:56'),(419,3,26,0.25,'USD',10,1,'2017-04-03 18:53:14','2017-04-04 22:06:56'),(420,3,26,0.25,'USD',10,1,'2017-04-03 18:53:16','2017-04-04 22:06:56'),(421,3,26,0.25,'USD',10,1,'2017-04-03 18:56:08','2017-04-04 22:06:56'),(422,3,26,0.25,'USD',10,1,'2017-04-03 18:56:09','2017-04-04 22:06:56'),(423,3,26,0.25,'USD',10,1,'2017-04-03 18:56:11','2017-04-04 22:06:56'),(424,3,26,0.25,'USD',10,1,'2017-04-03 18:56:12','2017-04-04 22:06:56'),(425,3,26,0.25,'USD',10,1,'2017-04-03 18:56:15','2017-04-04 22:06:56'),(426,3,26,0.25,'USD',10,1,'2017-04-03 18:56:17','2017-04-04 22:06:56'),(427,3,26,0.25,'USD',10,1,'2017-04-03 19:04:14','2017-04-04 22:06:56'),(428,3,26,0.25,'USD',10,1,'2017-04-03 19:04:15','2017-04-04 22:06:56'),(429,3,26,0.25,'USD',10,1,'2017-04-03 19:08:55','2017-04-04 22:06:56'),(430,3,26,0.25,'USD',10,1,'2017-04-03 19:08:56','2017-04-04 22:06:56'),(431,3,26,0.25,'USD',10,1,'2017-04-03 19:08:57','2017-04-04 22:06:56'),(432,3,26,0.25,'USD',10,1,'2017-04-03 19:08:58','2017-04-04 22:06:56'),(433,3,26,0.25,'USD',10,1,'2017-04-03 19:08:59','2017-04-04 22:06:56'),(434,3,26,0.25,'USD',10,1,'2017-04-03 19:09:02','2017-04-04 22:06:56'),(435,3,26,0.25,'USD',10,1,'2017-04-03 19:09:03','2017-04-04 22:06:56'),(436,3,26,0.25,'USD',10,1,'2017-04-03 19:09:06','2017-04-04 22:06:56'),(437,3,26,0.25,'USD',10,1,'2017-04-03 19:09:07','2017-04-04 22:06:56'),(438,3,26,0.25,'USD',10,1,'2017-04-03 19:09:08','2017-04-04 22:06:56'),(439,3,26,0.25,'USD',10,1,'2017-04-03 19:09:09','2017-04-04 22:06:56'),(440,3,26,0.25,'USD',10,1,'2017-04-03 19:09:10','2017-04-04 22:06:56'),(441,3,26,0.25,'USD',10,1,'2017-04-03 19:09:29','2017-04-04 22:06:56'),(442,3,26,0.25,'USD',10,1,'2017-04-03 19:09:30','2017-04-04 22:06:56'),(443,3,26,0.25,'USD',10,1,'2017-04-03 19:09:31','2017-04-04 22:06:56'),(444,3,26,0.25,'USD',10,1,'2017-04-03 19:10:14','2017-04-04 22:06:56'),(445,3,26,0.25,'USD',10,1,'2017-04-03 19:10:16','2017-04-04 22:06:56'),(446,3,26,0.25,'USD',10,1,'2017-04-03 19:10:17','2017-04-04 22:06:56'),(447,3,26,0.25,'USD',10,1,'2017-04-03 19:10:18','2017-04-04 22:06:56'),(448,3,26,0.25,'USD',10,1,'2017-04-03 19:10:19','2017-04-04 22:06:56'),(449,3,26,0.25,'USD',10,1,'2017-04-03 19:10:20','2017-04-04 22:06:56'),(450,3,26,0.25,'USD',10,1,'2017-04-03 19:10:21','2017-04-04 22:06:56'),(451,3,26,0.25,'USD',10,1,'2017-04-03 19:10:28','2017-04-04 22:06:56'),(452,3,26,0.25,'USD',10,1,'2017-04-03 19:10:31','2017-04-04 22:06:56'),(453,3,26,0.25,'USD',10,1,'2017-04-03 19:13:16','2017-04-04 22:06:56'),(454,3,26,0.25,'USD',10,1,'2017-04-03 19:13:17','2017-04-04 22:06:56'),(455,3,26,0.25,'USD',10,1,'2017-04-03 19:13:18','2017-04-04 22:06:56'),(456,3,26,0.25,'USD',10,1,'2017-04-03 19:13:19','2017-04-04 22:06:56'),(457,3,26,0.05,'USD',9,1,'2017-04-03 19:14:38','2017-04-04 22:06:56'),(458,3,26,0.05,'USD',9,1,'2017-04-03 19:14:39','2017-04-04 22:06:56'),(459,3,26,0.25,'USD',10,1,'2017-04-03 19:14:40','2017-04-04 22:06:56'),(460,3,26,0.25,'USD',10,1,'2017-04-03 19:14:41','2017-04-04 22:06:56'),(461,3,26,0.25,'USD',10,1,'2017-04-03 19:14:44','2017-04-04 22:06:56'),(462,3,26,0.25,'USD',10,1,'2017-04-03 19:14:46','2017-04-04 22:06:56'),(463,3,26,0.25,'USD',10,1,'2017-04-03 19:14:47','2017-04-04 22:06:56'),(464,3,26,0.25,'USD',10,1,'2017-04-03 19:14:48','2017-04-04 22:06:56'),(465,3,26,0.25,'USD',10,1,'2017-04-03 19:16:14','2017-04-04 22:06:56'),(466,3,26,0.25,'USD',10,1,'2017-04-03 19:16:15','2017-04-04 22:06:56'),(467,3,26,0.25,'USD',10,1,'2017-04-03 19:16:17','2017-04-04 22:06:56'),(468,3,26,0.25,'USD',10,1,'2017-04-03 19:16:18','2017-04-04 22:06:56'),(469,3,26,0.25,'USD',10,1,'2017-04-03 19:16:19','2017-04-04 22:06:56'),(470,3,26,0.25,'USD',10,1,'2017-04-03 19:16:20','2017-04-04 22:06:56'),(471,3,26,0.25,'USD',10,1,'2017-04-03 19:16:21','2017-04-04 22:06:56'),(472,3,26,0.25,'USD',10,1,'2017-04-03 19:16:23','2017-04-04 22:06:56'),(473,3,26,0.25,'USD',10,1,'2017-04-03 19:16:25','2017-04-04 22:06:56'),(474,3,26,0.25,'USD',10,1,'2017-04-03 19:16:27','2017-04-04 22:06:56'),(475,3,26,0.25,'USD',10,1,'2017-04-03 19:16:29','2017-04-04 22:06:56'),(476,3,26,0.25,'USD',10,1,'2017-04-03 19:16:30','2017-04-04 22:06:56'),(477,3,26,0.25,'USD',10,1,'2017-04-03 19:16:43','2017-04-04 22:06:56'),(478,3,26,0.25,'USD',10,1,'2017-04-03 19:16:46','2017-04-04 22:06:56'),(479,3,26,0.25,'USD',10,1,'2017-04-03 19:16:52','2017-04-04 22:06:56'),(480,3,26,0.25,'USD',10,1,'2017-04-03 19:16:53','2017-04-04 22:06:56'),(481,3,26,0.25,'USD',10,1,'2017-04-03 19:16:54','2017-04-04 22:06:56'),(482,3,26,0.25,'USD',10,1,'2017-04-03 19:16:55','2017-04-04 22:06:56'),(483,3,26,0.25,'USD',10,1,'2017-04-03 19:16:56','2017-04-04 22:06:56'),(484,3,26,0.25,'USD',10,1,'2017-04-03 19:16:57','2017-04-04 22:06:56'),(485,3,26,0.25,'USD',10,1,'2017-04-03 19:16:58','2017-04-04 22:06:56'),(486,3,26,0.25,'USD',10,1,'2017-04-03 19:16:59','2017-04-04 22:06:56'),(487,3,26,0.25,'USD',10,1,'2017-04-03 19:17:00','2017-04-04 22:06:56'),(488,3,26,0.25,'USD',10,1,'2017-04-03 19:17:01','2017-04-04 22:06:56'),(489,3,26,0.25,'USD',10,1,'2017-04-03 19:17:22','2017-04-04 22:06:56'),(490,3,26,0.25,'USD',10,1,'2017-04-03 19:17:23','2017-04-04 22:06:56'),(491,3,26,0.25,'USD',10,1,'2017-04-03 19:17:24','2017-04-04 22:06:56'),(492,3,26,0.25,'USD',10,1,'2017-04-03 19:17:27','2017-04-04 22:06:56'),(493,3,26,0.25,'USD',10,1,'2017-04-03 19:17:31','2017-04-04 22:06:56'),(494,3,26,0.25,'USD',10,1,'2017-04-03 19:17:33','2017-04-04 22:06:56'),(495,3,26,0.25,'USD',10,1,'2017-04-03 19:17:34','2017-04-04 22:06:56'),(496,3,26,0.25,'USD',10,1,'2017-04-03 19:17:35','2017-04-04 22:06:56'),(497,3,26,0.25,'USD',10,1,'2017-04-03 19:17:36','2017-04-04 22:06:56'),(498,3,26,0.25,'USD',10,1,'2017-04-03 19:17:37','2017-04-04 22:06:56'),(499,3,26,0.25,'USD',10,1,'2017-04-03 19:17:39','2017-04-04 22:06:56'),(500,3,26,0.25,'USD',10,1,'2017-04-03 19:17:40','2017-04-04 22:06:56'),(501,3,26,0.25,'USD',10,1,'2017-04-03 19:17:44','2017-04-04 22:06:56'),(502,3,26,0.25,'USD',10,1,'2017-04-03 19:17:45','2017-04-04 22:06:56'),(503,3,26,0.25,'USD',10,1,'2017-04-03 19:17:47','2017-04-04 22:06:56'),(504,3,26,0.25,'USD',10,1,'2017-04-03 19:17:48','2017-04-04 22:06:56'),(505,3,26,0.25,'USD',10,1,'2017-04-03 19:17:50','2017-04-04 22:06:56'),(506,3,26,0.25,'USD',10,1,'2017-04-03 19:17:52','2017-04-04 22:06:56'),(507,3,26,0.25,'USD',10,1,'2017-04-03 19:17:53','2017-04-04 22:06:56'),(508,3,26,0.25,'USD',10,1,'2017-04-03 19:17:55','2017-04-04 22:06:56'),(509,3,26,0.25,'USD',10,1,'2017-04-03 19:17:56','2017-04-04 22:06:56'),(510,3,26,0.25,'USD',10,1,'2017-04-03 19:17:58','2017-04-04 22:06:56'),(511,3,26,0.25,'USD',10,1,'2017-04-03 19:17:59','2017-04-04 22:06:56'),(512,3,26,0.25,'USD',10,1,'2017-04-03 19:18:00','2017-04-04 22:06:56'),(513,22,22,0.01,'USD',5,1,'2017-04-04 03:19:50','2017-04-04 05:33:00'),(514,22,22,0.10,'USD',3,1,'2017-04-04 03:20:36','2017-04-04 05:33:00'),(515,22,22,0.10,'USD',3,1,'2017-04-04 03:20:39','2017-04-04 05:33:00'),(516,22,22,0.10,'USD',3,1,'2017-04-04 03:20:41','2017-04-04 05:33:00'),(517,22,22,0.10,'USD',3,1,'2017-04-04 03:20:54','2017-04-04 05:33:00'),(518,22,22,0.10,'USD',3,1,'2017-04-04 03:22:44','2017-04-04 05:33:00'),(519,22,22,0.10,'USD',3,1,'2017-04-04 03:22:52','2017-04-04 05:33:00'),(520,22,22,0.10,'USD',3,1,'2017-04-04 03:26:08','2017-04-04 05:33:00'),(521,22,22,0.10,'USD',4,1,'2017-04-04 03:26:20','2017-04-04 05:33:00'),(522,22,22,0.10,'USD',3,1,'2017-04-04 03:26:22','2017-04-04 05:33:00'),(523,22,22,0.10,'USD',4,1,'2017-04-04 03:26:24','2017-04-04 05:33:00'),(524,22,22,0.10,'USD',3,1,'2017-04-04 03:28:53','2017-04-04 05:33:00'),(525,22,22,0.01,'USD',5,1,'2017-04-04 03:37:30','2017-04-04 05:33:00'),(526,22,22,0.01,'USD',5,1,'2017-04-04 03:37:34','2017-04-04 05:33:00'),(527,22,22,0.01,'USD',5,1,'2017-04-04 03:37:34','2017-04-04 05:33:00'),(528,22,22,0.10,'USD',3,1,'2017-04-04 03:37:36','2017-04-04 05:33:00'),(529,22,22,0.10,'USD',3,1,'2017-04-04 03:37:38','2017-04-04 05:33:00'),(530,22,22,0.10,'USD',3,1,'2017-04-04 03:37:41','2017-04-04 05:33:00'),(531,22,22,0.01,'USD',5,1,'2017-04-04 03:37:44','2017-04-04 05:33:00'),(532,22,22,0.10,'USD',3,1,'2017-04-04 03:37:46','2017-04-04 05:33:00'),(533,22,22,0.10,'USD',3,1,'2017-04-04 03:37:48','2017-04-04 05:33:00'),(534,22,22,0.10,'USD',3,1,'2017-04-04 03:37:54','2017-04-04 05:33:00'),(535,22,22,0.10,'USD',3,1,'2017-04-04 03:37:56','2017-04-04 05:33:00'),(536,22,22,0.10,'USD',3,1,'2017-04-04 03:37:58','2017-04-04 05:33:00'),(537,22,22,0.10,'USD',3,1,'2017-04-04 03:38:01','2017-04-04 05:33:00'),(538,22,22,0.01,'USD',5,1,'2017-04-04 03:38:03','2017-04-04 05:33:00'),(539,22,22,0.01,'USD',5,1,'2017-04-04 03:38:05','2017-04-04 05:33:00'),(540,22,22,0.10,'USD',3,1,'2017-04-04 03:38:06','2017-04-04 05:33:00'),(541,22,22,0.10,'USD',3,1,'2017-04-04 03:38:10','2017-04-04 05:33:00'),(542,22,22,0.01,'USD',5,1,'2017-04-04 03:38:14','2017-04-04 05:33:00'),(543,22,22,0.01,'USD',5,1,'2017-04-04 03:38:15','2017-04-04 05:33:00'),(544,22,22,0.10,'USD',3,1,'2017-04-04 03:45:53','2017-04-04 05:33:00'),(545,22,22,0.01,'USD',5,1,'2017-04-04 03:45:55','2017-04-04 05:33:00'),(546,22,22,0.10,'USD',3,1,'2017-04-04 03:45:56','2017-04-04 05:33:00'),(547,22,22,0.01,'USD',5,1,'2017-04-04 03:45:58','2017-04-04 05:33:00'),(548,22,22,0.10,'USD',3,1,'2017-04-04 03:46:01','2017-04-04 05:33:00'),(549,22,22,0.01,'USD',5,1,'2017-04-04 03:46:03','2017-04-04 05:33:00'),(550,22,22,0.01,'USD',5,1,'2017-04-04 03:46:04','2017-04-04 05:33:00'),(551,22,22,0.01,'USD',5,1,'2017-04-04 03:46:05','2017-04-04 05:33:00'),(552,22,22,0.01,'USD',5,1,'2017-04-04 03:46:07','2017-04-04 05:33:00'),(553,22,22,0.01,'USD',5,1,'2017-04-04 03:46:09','2017-04-04 05:33:00'),(554,22,22,0.01,'USD',5,1,'2017-04-04 03:46:10','2017-04-04 05:33:00'),(555,22,22,0.10,'USD',3,1,'2017-04-04 03:46:11','2017-04-04 05:33:00'),(556,22,22,0.10,'USD',3,1,'2017-04-04 03:46:12','2017-04-04 05:33:00'),(557,22,22,0.10,'USD',4,1,'2017-04-04 03:46:14','2017-04-04 05:33:00'),(558,22,22,0.10,'USD',4,1,'2017-04-04 03:46:16','2017-04-04 05:33:00'),(559,22,22,0.01,'USD',5,1,'2017-04-04 03:46:20','2017-04-04 05:33:00'),(560,22,22,0.10,'USD',3,1,'2017-04-04 03:46:22','2017-04-04 05:33:00'),(561,22,22,0.10,'USD',4,1,'2017-04-04 03:46:24','2017-04-04 05:33:00'),(562,22,22,0.01,'USD',5,1,'2017-04-04 03:46:25','2017-04-04 05:33:00'),(563,22,22,0.01,'USD',5,1,'2017-04-04 03:46:26','2017-04-04 05:33:00'),(564,22,22,0.01,'USD',5,1,'2017-04-04 03:46:28','2017-04-04 05:33:00'),(565,22,22,0.10,'USD',4,1,'2017-04-04 03:46:29','2017-04-04 05:33:00'),(566,22,22,0.10,'USD',4,1,'2017-04-04 03:46:31','2017-04-04 05:33:00'),(567,22,22,0.01,'USD',5,1,'2017-04-04 03:46:33','2017-04-04 05:33:00'),(568,22,22,0.10,'USD',3,1,'2017-04-04 03:46:36','2017-04-04 05:33:00'),(569,22,22,0.10,'USD',3,1,'2017-04-04 03:46:37','2017-04-04 05:33:00'),(570,22,22,0.10,'USD',3,1,'2017-04-04 03:46:37','2017-04-04 05:33:00'),(571,22,22,0.01,'USD',5,1,'2017-04-04 03:46:39','2017-04-04 05:33:00'),(572,22,22,0.10,'USD',3,1,'2017-04-04 03:46:40','2017-04-04 05:33:00'),(573,22,22,0.10,'USD',3,1,'2017-04-04 03:46:43','2017-04-04 05:33:00'),(574,22,22,0.10,'USD',4,1,'2017-04-04 03:46:47','2017-04-04 05:33:00'),(575,22,22,0.10,'USD',4,1,'2017-04-04 03:46:48','2017-04-04 05:33:00'),(576,22,22,0.10,'USD',4,1,'2017-04-04 03:46:49','2017-04-04 05:33:00'),(577,22,22,0.10,'USD',3,1,'2017-04-04 03:46:50','2017-04-04 05:33:00'),(578,22,22,0.10,'USD',3,1,'2017-04-04 03:46:51','2017-04-04 05:33:00'),(579,22,22,0.10,'USD',4,1,'2017-04-04 03:46:54','2017-04-04 05:33:00'),(580,22,22,0.10,'USD',4,1,'2017-04-04 03:46:55','2017-04-04 05:33:00'),(581,22,22,0.10,'USD',4,1,'2017-04-04 03:46:56','2017-04-04 05:33:00'),(582,22,22,0.10,'USD',4,1,'2017-04-04 03:46:56','2017-04-04 05:33:00'),(583,22,22,0.10,'USD',4,1,'2017-04-04 03:46:57','2017-04-04 05:33:00'),(584,22,22,0.10,'USD',3,1,'2017-04-04 03:46:58','2017-04-04 05:33:00'),(585,22,22,0.10,'USD',3,1,'2017-04-04 03:46:59','2017-04-04 05:33:00'),(586,22,22,0.10,'USD',3,1,'2017-04-04 03:47:01','2017-04-04 05:33:00'),(587,22,22,0.10,'USD',4,1,'2017-04-04 03:47:02','2017-04-04 05:33:00'),(588,22,22,0.01,'USD',5,1,'2017-04-04 03:47:04','2017-04-04 05:33:00'),(589,22,22,0.01,'USD',5,1,'2017-04-04 03:47:05','2017-04-04 05:33:00'),(590,22,22,0.01,'USD',5,1,'2017-04-04 03:47:07','2017-04-04 05:33:00'),(591,22,22,0.01,'USD',5,1,'2017-04-04 03:47:08','2017-04-04 05:33:00'),(592,22,22,0.01,'USD',5,1,'2017-04-04 03:47:09','2017-04-04 05:33:00'),(593,22,22,0.01,'USD',5,1,'2017-04-04 03:47:11','2017-04-04 05:33:00'),(594,22,22,0.01,'USD',5,1,'2017-04-04 03:47:13','2017-04-04 05:33:00'),(595,22,22,0.01,'USD',5,1,'2017-04-04 03:47:14','2017-04-04 05:33:00'),(596,22,22,0.10,'USD',3,1,'2017-04-04 03:47:35','2017-04-04 05:33:00'),(597,22,22,0.10,'USD',3,1,'2017-04-04 03:47:37','2017-04-04 05:33:00'),(598,22,22,0.10,'USD',4,1,'2017-04-04 03:47:38','2017-04-04 05:33:00'),(599,22,22,0.01,'USD',5,1,'2017-04-04 03:47:39','2017-04-04 05:33:00'),(600,22,22,0.10,'USD',3,1,'2017-04-04 03:47:42','2017-04-04 05:33:00'),(601,22,22,0.10,'USD',3,1,'2017-04-04 03:47:43','2017-04-04 05:33:00'),(602,22,22,0.10,'USD',3,1,'2017-04-04 03:47:44','2017-04-04 05:33:00'),(603,22,22,0.10,'USD',4,1,'2017-04-04 03:47:47','2017-04-04 05:33:00'),(604,22,22,0.01,'USD',5,1,'2017-04-04 03:47:48','2017-04-04 05:33:00'),(605,22,22,0.01,'USD',5,1,'2017-04-04 03:47:50','2017-04-04 05:33:00'),(606,22,22,0.01,'USD',5,1,'2017-04-04 03:47:52','2017-04-04 05:33:00'),(607,22,22,0.10,'USD',3,1,'2017-04-04 03:47:54','2017-04-04 05:33:00'),(608,22,22,0.10,'USD',4,1,'2017-04-04 03:47:56','2017-04-04 05:33:00'),(609,22,22,0.10,'USD',4,1,'2017-04-04 03:47:58','2017-04-04 05:33:00'),(610,22,22,0.10,'USD',3,1,'2017-04-04 03:48:00','2017-04-04 05:33:00'),(611,22,22,0.01,'USD',5,1,'2017-04-04 03:48:16','2017-04-04 05:33:00'),(612,22,22,0.01,'USD',5,1,'2017-04-04 03:48:48','2017-04-04 05:33:00'),(613,22,22,0.01,'USD',5,1,'2017-04-04 03:48:49','2017-04-04 05:33:00'),(614,22,22,0.10,'USD',4,1,'2017-04-04 03:49:35','2017-04-04 05:33:00'),(615,22,22,0.10,'USD',4,1,'2017-04-04 03:49:36','2017-04-04 05:33:00'),(616,22,22,0.01,'USD',5,1,'2017-04-04 03:49:38','2017-04-04 05:33:00'),(617,22,22,0.01,'USD',5,1,'2017-04-04 03:49:41','2017-04-04 05:33:00'),(618,22,22,0.10,'USD',4,1,'2017-04-04 03:49:44','2017-04-04 05:33:00'),(619,22,22,0.01,'USD',5,1,'2017-04-04 03:49:45','2017-04-04 05:33:00'),(620,22,22,0.01,'USD',5,1,'2017-04-04 03:49:47','2017-04-04 05:33:00'),(621,22,22,0.01,'USD',5,1,'2017-04-04 03:49:49','2017-04-04 05:33:00'),(622,22,22,0.01,'USD',5,1,'2017-04-04 03:49:51','2017-04-04 05:33:00'),(623,22,22,0.10,'USD',4,1,'2017-04-04 03:49:52','2017-04-04 05:33:00'),(624,22,22,0.10,'USD',4,1,'2017-04-04 03:49:54','2017-04-04 05:33:00'),(625,22,22,0.10,'USD',4,1,'2017-04-04 03:49:56','2017-04-04 05:33:00'),(626,22,22,0.01,'USD',5,1,'2017-04-04 03:49:57','2017-04-04 05:33:00'),(627,22,22,0.01,'USD',5,1,'2017-04-04 03:49:59','2017-04-04 05:33:00'),(628,22,22,0.01,'USD',5,1,'2017-04-04 03:50:01','2017-04-04 05:33:00'),(629,22,22,0.10,'USD',3,1,'2017-04-04 03:50:02','2017-04-04 05:33:00'),(630,22,22,0.10,'USD',4,1,'2017-04-04 03:50:04','2017-04-04 05:33:00'),(631,22,22,0.10,'USD',4,1,'2017-04-04 03:50:06','2017-04-04 05:33:00'),(632,22,22,0.01,'USD',5,1,'2017-04-04 03:50:11','2017-04-04 05:33:00'),(633,22,22,0.01,'USD',5,1,'2017-04-04 03:50:13','2017-04-04 05:33:00'),(634,22,22,0.01,'USD',5,1,'2017-04-04 03:50:14','2017-04-04 05:33:00'),(635,22,22,0.10,'USD',4,1,'2017-04-04 03:50:15','2017-04-04 05:33:00'),(636,22,22,0.10,'USD',3,1,'2017-04-04 03:50:16','2017-04-04 05:33:00'),(637,22,22,0.01,'USD',5,1,'2017-04-04 03:50:20','2017-04-04 05:33:00'),(638,22,22,0.01,'USD',5,1,'2017-04-04 03:50:29','2017-04-04 05:33:00'),(639,22,22,0.10,'USD',3,1,'2017-04-04 03:50:32','2017-04-04 05:33:00'),(640,22,22,0.10,'USD',4,1,'2017-04-04 03:50:37','2017-04-04 05:33:00'),(641,22,22,0.10,'USD',4,1,'2017-04-04 03:50:44','2017-04-04 05:33:00'),(642,22,22,0.01,'USD',5,1,'2017-04-04 03:51:32','2017-04-04 05:33:00'),(643,22,22,0.01,'USD',5,1,'2017-04-04 03:51:33','2017-04-04 05:33:00'),(644,22,22,0.01,'USD',5,1,'2017-04-04 03:51:35','2017-04-04 05:33:00'),(645,22,22,0.01,'USD',5,1,'2017-04-04 03:51:38','2017-04-04 05:33:00'),(646,22,22,0.01,'USD',5,1,'2017-04-04 03:51:40','2017-04-04 05:33:00'),(647,22,22,0.01,'USD',5,1,'2017-04-04 03:51:40','2017-04-04 05:33:00'),(648,22,22,0.01,'USD',5,1,'2017-04-04 03:51:45','2017-04-04 05:33:00'),(649,22,22,0.10,'USD',4,1,'2017-04-04 03:51:46','2017-04-04 05:33:00'),(650,22,22,0.01,'USD',5,1,'2017-04-04 03:51:48','2017-04-04 05:33:00'),(651,22,22,0.10,'USD',3,1,'2017-04-04 03:51:52','2017-04-04 05:33:00'),(652,22,22,0.10,'USD',4,1,'2017-04-04 03:51:56','2017-04-04 05:33:00'),(653,22,22,0.01,'USD',5,1,'2017-04-04 03:51:57','2017-04-04 05:33:00'),(654,22,22,0.01,'USD',5,1,'2017-04-04 03:51:59','2017-04-04 05:33:00'),(655,22,22,0.01,'USD',5,1,'2017-04-04 03:52:01','2017-04-04 05:33:00'),(656,22,22,0.10,'USD',3,1,'2017-04-04 04:09:24','2017-04-04 05:33:00'),(657,22,22,0.01,'USD',5,1,'2017-04-04 04:09:26','2017-04-04 05:33:00'),(658,22,22,0.10,'USD',4,1,'2017-04-04 04:09:30','2017-04-04 05:33:00'),(659,22,22,0.01,'USD',5,1,'2017-04-04 04:09:31','2017-04-04 05:33:00'),(660,22,22,0.01,'USD',5,1,'2017-04-04 04:09:33','2017-04-04 05:33:00'),(661,22,22,0.10,'USD',3,1,'2017-04-04 06:13:13','2017-04-04 09:34:54'),(662,22,22,0.01,'USD',5,1,'2017-04-04 06:13:17','2017-04-04 09:34:54'),(663,22,22,0.01,'USD',5,1,'2017-04-04 06:13:21','2017-04-04 09:34:54'),(664,22,22,0.10,'USD',3,1,'2017-04-04 07:25:30','2017-04-04 09:34:54'),(665,22,22,0.10,'USD',4,1,'2017-04-04 07:25:33','2017-04-04 09:34:54'),(666,22,22,0.10,'USD',3,1,'2017-04-04 07:25:43','2017-04-04 09:34:54'),(667,22,22,0.10,'USD',3,1,'2017-04-04 07:25:48','2017-04-04 09:34:54'),(668,22,22,0.10,'USD',3,1,'2017-04-04 07:25:54','2017-04-04 09:34:54'),(669,22,22,0.01,'USD',5,1,'2017-04-04 07:26:01','2017-04-04 09:34:54'),(670,22,22,0.10,'USD',4,1,'2017-04-04 07:26:06','2017-04-04 09:34:54'),(671,22,22,0.10,'USD',3,1,'2017-04-04 08:50:24','2017-04-04 09:34:54'),(672,22,22,0.10,'USD',3,1,'2017-04-04 08:50:25','2017-04-04 09:34:54'),(673,22,22,0.01,'USD',5,1,'2017-04-04 08:50:27','2017-04-04 09:34:54'),(674,3,26,0.05,'USD',9,1,'2017-04-04 09:07:58','2017-04-04 22:06:56'),(675,22,22,0.10,'USD',3,1,'2017-04-04 09:15:31','2017-04-04 09:34:54'),(676,22,22,0.10,'USD',4,1,'2017-04-04 09:15:33','2017-04-04 09:34:54'),(677,22,22,0.10,'USD',3,1,'2017-04-04 09:15:40','2017-04-04 09:34:54'),(678,22,22,0.01,'USD',5,1,'2017-04-04 09:17:01','2017-04-04 09:34:54'),(679,22,22,0.01,'USD',5,1,'2017-04-04 09:34:28','2017-04-04 09:34:54'),(680,22,22,0.10,'USD',3,1,'2017-04-04 09:34:29','2017-04-04 09:34:54'),(681,22,22,0.10,'USD',3,1,'2017-04-04 09:35:10','2017-04-04 10:51:42'),(682,22,22,0.01,'USD',5,1,'2017-04-04 09:53:11','2017-04-04 10:51:42'),(683,22,22,0.01,'USD',5,1,'2017-04-04 10:52:03','2017-04-04 10:52:05'),(684,3,26,0.25,'USD',10,1,'2017-04-04 15:02:14','2017-04-04 22:06:56'),(685,3,26,0.25,'USD',10,1,'2017-04-04 15:11:01','2017-04-04 22:06:56'),(686,3,26,0.25,'USD',10,1,'2017-04-04 19:52:33','2017-04-04 22:06:56'),(687,3,26,0.25,'USD',10,1,'2017-04-04 22:07:29','2017-04-04 22:07:51'),(688,3,26,0.25,'USD',10,1,'2017-04-04 22:21:55','2017-04-04 22:22:11'),(689,3,26,0.25,'USD',11,1,'2017-04-04 22:27:02','2017-04-05 12:27:34'),(690,3,26,0.25,'USD',10,1,'2017-04-04 22:27:08','2017-04-05 12:27:34'),(691,3,26,0.25,'USD',10,1,'2017-04-04 22:27:09','2017-04-05 12:27:34'),(692,3,26,0.25,'USD',10,1,'2017-04-04 22:27:10','2017-04-05 12:27:34'),(693,3,26,0.25,'USD',10,1,'2017-04-04 22:55:02','2017-04-05 12:27:34'),(694,3,26,0.25,'USD',10,1,'2017-04-04 22:55:05','2017-04-05 12:27:34'),(695,3,26,0.25,'USD',10,1,'2017-04-04 23:50:53','2017-04-05 12:27:34'),(696,3,26,0.25,'USD',10,1,'2017-04-04 23:51:27','2017-04-05 12:27:34'),(697,3,26,0.05,'USD',7,1,'2017-04-04 23:52:23','2017-04-05 12:27:34'),(698,3,26,0.25,'USD',10,1,'2017-04-04 23:52:46','2017-04-05 12:27:34'),(699,3,26,0.25,'USD',10,1,'2017-04-05 00:07:51','2017-04-05 12:27:34'),(700,3,26,0.01,'USD',6,1,'2017-04-05 06:38:06','2017-04-05 12:27:34'),(701,3,26,0.25,'USD',10,1,'2017-04-05 06:44:59','2017-04-05 12:27:34'),(702,3,26,0.25,'USD',10,1,'2017-04-05 06:45:10','2017-04-05 12:27:34'),(703,3,26,0.25,'USD',10,1,'2017-04-05 09:32:28','2017-04-05 12:27:34'),(704,3,26,0.50,'USD',50,1,'2017-04-05 12:28:02','2017-04-05 12:29:45'),(705,3,26,0.50,'USD',50,1,'2017-04-05 12:28:48','2017-04-05 12:29:45'),(706,3,26,0.50,'USD',50,1,'2017-04-05 12:29:09','2017-04-05 12:29:45'),(707,3,26,0.50,'USD',50,1,'2017-04-05 12:29:23','2017-04-05 12:29:45'),(708,3,26,0.50,'USD',50,1,'2017-04-05 12:32:31','2017-04-05 15:44:56'),(709,3,26,0.05,'USD',9,1,'2017-04-05 15:41:32','2017-04-05 15:44:56'),(710,3,26,0.25,'USD',10,1,'2017-04-05 15:42:48','2017-04-05 15:44:56'),(711,3,26,0.25,'USD',11,1,'2017-04-05 15:43:11','2017-04-05 15:44:56'),(712,3,26,0.25,'USD',11,1,'2017-04-05 15:43:44','2017-04-05 15:44:56'),(713,3,26,0.50,'USD',50,1,'2017-04-05 15:44:16','2017-04-05 15:44:56'),(714,3,26,0.50,'USD',50,1,'2017-04-05 15:44:30','2017-04-05 15:44:56'),(715,3,26,0.50,'USD',50,1,'2017-04-05 15:44:44','2017-04-05 15:44:56'),(716,3,26,0.25,'USD',11,1,'2017-04-05 16:46:07','2017-04-09 03:05:30'),(717,3,26,0.25,'USD',11,1,'2017-04-05 16:46:24','2017-04-09 03:05:30'),(718,3,26,0.25,'USD',11,1,'2017-04-05 16:46:40','2017-04-09 03:05:30'),(719,3,26,0.25,'USD',11,1,'2017-04-05 16:46:52','2017-04-09 03:05:30'),(720,3,26,0.10,'USD',3,1,'2017-04-05 18:05:01','2017-04-09 03:05:30'),(721,3,26,0.10,'USD',3,1,'2017-04-05 18:05:03','2017-04-09 03:05:30'),(722,3,26,0.01,'USD',5,1,'2017-04-05 18:05:07','2017-04-09 03:05:30'),(723,3,26,0.25,'USD',10,1,'2017-04-05 19:32:36','2017-04-09 03:05:30'),(724,3,26,0.05,'USD',7,1,'2017-04-05 19:32:42','2017-04-09 03:05:30'),(725,3,26,0.25,'USD',10,1,'2017-04-06 01:28:53','2017-04-09 03:05:30'),(726,3,26,0.25,'USD',10,1,'2017-04-06 14:23:02','2017-04-09 03:05:30'),(727,3,26,0.25,'USD',10,1,'2017-04-06 14:23:16','2017-04-09 03:05:30'),(728,3,26,0.25,'USD',10,1,'2017-04-06 14:26:29','2017-04-09 03:05:30'),(729,3,26,0.05,'USD',9,1,'2017-04-06 14:26:39','2017-04-09 03:05:30'),(730,3,26,0.05,'USD',9,1,'2017-04-06 14:26:58','2017-04-09 03:05:30'),(731,3,26,0.25,'USD',10,1,'2017-04-06 14:26:59','2017-04-09 03:05:30'),(732,3,26,0.05,'USD',9,1,'2017-04-06 14:27:01','2017-04-09 03:05:30'),(733,3,26,0.05,'USD',7,1,'2017-04-06 14:28:04','2017-04-09 03:05:30'),(734,3,26,0.05,'USD',7,1,'2017-04-06 14:28:13','2017-04-09 03:05:30'),(735,3,26,0.05,'USD',7,1,'2017-04-06 14:28:23','2017-04-09 03:05:30'),(736,3,26,0.05,'USD',9,1,'2017-04-06 14:28:37','2017-04-09 03:05:30'),(737,3,26,0.05,'USD',9,1,'2017-04-06 14:28:52','2017-04-09 03:05:30'),(738,3,26,0.05,'USD',9,1,'2017-04-06 14:28:56','2017-04-09 03:05:30'),(739,3,26,0.05,'USD',9,1,'2017-04-06 14:28:59','2017-04-09 03:05:30'),(740,3,26,0.25,'USD',10,1,'2017-04-06 14:29:01','2017-04-09 03:05:30'),(741,3,26,0.25,'USD',11,1,'2017-04-06 16:28:05','2017-04-09 03:05:30'),(742,3,26,0.25,'USD',10,1,'2017-04-06 16:28:25','2017-04-09 03:05:30'),(743,3,26,0.05,'USD',9,1,'2017-04-06 16:28:26','2017-04-09 03:05:30'),(744,3,26,0.25,'USD',10,1,'2017-04-06 16:28:37','2017-04-09 03:05:30'),(745,3,26,0.25,'USD',10,1,'2017-04-06 16:28:38','2017-04-09 03:05:30'),(746,3,26,0.25,'USD',11,1,'2017-04-06 16:28:44','2017-04-09 03:05:30'),(747,3,26,0.25,'USD',11,1,'2017-04-06 16:28:49','2017-04-09 03:05:30'),(748,3,26,0.25,'USD',11,1,'2017-04-06 16:28:59','2017-04-09 03:05:30'),(749,3,26,0.25,'USD',11,1,'2017-04-06 16:29:21','2017-04-09 03:05:30'),(750,3,26,0.25,'USD',11,1,'2017-04-06 16:29:24','2017-04-09 03:05:30'),(751,3,26,0.50,'USD',50,1,'2017-04-06 16:36:30','2017-04-09 03:05:30'),(752,3,26,0.50,'USD',50,1,'2017-04-06 16:36:58','2017-04-09 03:05:30'),(753,3,26,0.50,'USD',50,1,'2017-04-06 16:37:13','2017-04-09 03:05:30'),(754,3,26,0.50,'USD',50,1,'2017-04-06 16:37:17','2017-04-09 03:05:30'),(755,3,26,0.50,'USD',50,1,'2017-04-06 16:37:23','2017-04-09 03:05:30'),(756,3,26,0.50,'USD',50,1,'2017-04-06 16:37:26','2017-04-09 03:05:30'),(757,3,26,0.50,'USD',50,1,'2017-04-06 16:37:28','2017-04-09 03:05:30'),(758,3,26,0.50,'USD',50,1,'2017-04-06 16:37:32','2017-04-09 03:05:30'),(759,3,26,0.50,'USD',50,1,'2017-04-06 16:37:45','2017-04-09 03:05:30'),(760,3,26,0.50,'USD',50,1,'2017-04-06 16:37:56','2017-04-09 03:05:30'),(761,3,26,0.50,'USD',50,1,'2017-04-06 16:52:54','2017-04-09 03:05:30'),(762,3,26,0.50,'USD',50,1,'2017-04-06 16:53:07','2017-04-09 03:05:30'),(763,3,26,0.50,'USD',50,1,'2017-04-06 16:53:13','2017-04-09 03:05:30'),(764,3,26,0.50,'USD',50,1,'2017-04-06 16:53:17','2017-04-09 03:05:30'),(765,3,26,0.50,'USD',50,1,'2017-04-06 16:53:24','2017-04-09 03:05:30'),(766,3,26,0.50,'USD',50,1,'2017-04-06 16:53:27','2017-04-09 03:05:30'),(767,3,26,0.50,'USD',50,1,'2017-04-06 16:53:30','2017-04-09 03:05:30'),(768,3,26,0.50,'USD',50,1,'2017-04-06 16:53:35','2017-04-09 03:05:30'),(769,3,26,0.50,'USD',50,1,'2017-04-06 16:53:48','2017-04-09 03:05:30'),(770,3,26,0.50,'USD',50,1,'2017-04-06 16:53:59','2017-04-09 03:05:30'),(771,3,26,0.50,'USD',50,1,'2017-04-06 17:06:34','2017-04-09 03:05:30'),(772,3,26,0.50,'USD',50,1,'2017-04-06 17:06:47','2017-04-09 03:05:30'),(773,3,26,0.50,'USD',50,1,'2017-04-06 17:06:52','2017-04-09 03:05:30'),(774,3,26,0.50,'USD',50,1,'2017-04-06 17:06:55','2017-04-09 03:05:30'),(775,3,26,0.05,'USD',7,1,'2017-04-06 17:50:31','2017-04-09 03:05:30'),(776,3,26,0.05,'USD',7,1,'2017-04-06 17:50:40','2017-04-09 03:05:30'),(777,23,23,0.50,'USD',50,1,'2017-04-06 18:11:12','2017-04-06 19:47:34'),(778,23,23,0.50,'USD',50,1,'2017-04-06 18:11:17','2017-04-06 19:47:34'),(779,23,23,0.50,'USD',50,1,'2017-04-06 18:11:21','2017-04-06 19:47:34'),(780,23,23,0.50,'USD',50,1,'2017-04-06 18:11:25','2017-04-06 19:47:34'),(781,23,23,0.50,'USD',50,1,'2017-04-06 18:11:26','2017-04-06 19:47:34'),(782,23,23,0.50,'USD',50,1,'2017-04-06 18:11:30','2017-04-06 19:47:34'),(783,23,23,0.50,'USD',50,1,'2017-04-06 18:11:35','2017-04-06 19:47:34'),(784,23,23,0.50,'USD',50,1,'2017-04-06 18:11:40','2017-04-06 19:47:34'),(785,23,23,0.50,'USD',50,1,'2017-04-06 18:12:18','2017-04-06 19:47:34'),(786,23,23,0.50,'USD',50,1,'2017-04-06 18:12:22','2017-04-06 19:47:34'),(787,23,23,0.50,'USD',50,1,'2017-04-06 18:12:24','2017-04-06 19:47:34'),(788,23,23,0.50,'USD',50,1,'2017-04-06 18:12:28','2017-04-06 19:47:34'),(789,23,23,0.50,'USD',50,1,'2017-04-06 18:12:30','2017-04-06 19:47:34'),(790,23,23,0.50,'USD',50,1,'2017-04-06 18:12:33','2017-04-06 19:47:34'),(791,23,23,0.50,'USD',50,1,'2017-04-06 18:12:36','2017-04-06 19:47:34'),(792,23,23,0.50,'USD',50,1,'2017-04-06 18:12:40','2017-04-06 19:47:34'),(793,23,23,0.50,'USD',50,1,'2017-04-06 18:20:53','2017-04-06 19:47:34'),(794,23,23,0.50,'USD',50,1,'2017-04-06 18:20:59','2017-04-06 19:47:34'),(795,23,23,0.50,'USD',50,1,'2017-04-06 18:21:01','2017-04-06 19:47:34'),(796,23,23,0.50,'USD',50,1,'2017-04-06 18:21:05','2017-04-06 19:47:34'),(797,23,23,0.50,'USD',50,1,'2017-04-06 18:21:07','2017-04-06 19:47:34'),(798,23,23,0.50,'USD',50,1,'2017-04-06 18:21:11','2017-04-06 19:47:34'),(799,23,23,0.50,'USD',50,1,'2017-04-06 18:21:14','2017-04-06 19:47:34'),(800,23,23,0.50,'USD',50,1,'2017-04-06 18:21:19','2017-04-06 19:47:34'),(801,23,23,0.50,'USD',50,1,'2017-04-06 18:21:28','2017-04-06 19:47:34'),(802,23,23,0.50,'USD',50,1,'2017-04-06 18:21:33','2017-04-06 19:47:34'),(803,23,23,0.50,'USD',50,1,'2017-04-06 19:45:56','2017-04-06 19:47:34'),(804,23,23,0.50,'USD',50,1,'2017-04-06 19:46:00','2017-04-06 19:47:34'),(805,23,23,0.50,'USD',50,1,'2017-04-06 20:06:53','2017-04-06 20:07:07'),(806,23,23,0.50,'USD',50,1,'2017-04-06 20:06:57','2017-04-06 20:07:07'),(807,23,23,0.50,'USD',50,1,'2017-04-06 20:06:59','2017-04-06 20:07:07'),(808,23,23,0.50,'USD',50,1,'2017-04-06 20:07:02','2017-04-06 20:07:07'),(809,23,23,0.50,'USD',50,1,'2017-04-06 20:07:12','2017-04-06 20:07:15'),(810,23,23,0.50,'USD',50,1,'2017-04-06 20:38:33','2017-04-06 20:46:50'),(811,23,23,0.50,'USD',50,1,'2017-04-06 20:39:14','2017-04-06 20:46:50'),(812,23,23,0.50,'USD',50,1,'2017-04-06 20:39:25','2017-04-06 20:46:50'),(813,23,23,0.50,'USD',50,1,'2017-04-06 20:39:28','2017-04-06 20:46:50'),(814,23,23,0.50,'USD',50,1,'2017-04-06 20:39:31','2017-04-06 20:46:50'),(815,23,23,0.50,'USD',50,1,'2017-04-06 20:39:36','2017-04-06 20:46:50'),(816,23,23,0.50,'USD',50,1,'2017-04-06 20:39:39','2017-04-06 20:46:50'),(817,23,23,0.50,'USD',50,1,'2017-04-06 20:39:43','2017-04-06 20:46:50'),(818,23,23,0.50,'USD',50,1,'2017-04-06 20:46:45','2017-04-06 20:46:50'),(819,23,23,0.25,'USD',11,1,'2017-04-06 20:49:18','2017-04-06 22:24:19'),(820,23,23,0.05,'USD',7,1,'2017-04-06 20:49:43','2017-04-06 22:24:19'),(821,23,23,0.50,'USD',50,1,'2017-04-06 20:53:02','2017-04-06 22:24:19'),(822,23,23,0.50,'USD',50,1,'2017-04-06 20:53:06','2017-04-06 22:24:19'),(823,23,23,0.50,'USD',18,1,'2017-04-07 00:05:35','2017-04-07 00:10:35'),(824,23,23,0.50,'USD',16,1,'2017-04-07 00:10:08','2017-04-07 00:10:35'),(825,23,23,0.50,'USD',50,1,'2017-04-07 00:11:32','2017-04-07 00:12:02'),(826,23,23,0.50,'USD',50,1,'2017-04-07 00:11:36','2017-04-07 00:12:02'),(827,23,23,0.50,'USD',50,1,'2017-04-07 00:11:41','2017-04-07 00:12:02'),(828,23,23,0.50,'USD',50,1,'2017-04-07 00:11:46','2017-04-07 00:12:02'),(829,23,23,0.50,'USD',50,1,'2017-04-07 01:14:38','2017-04-07 01:29:41'),(830,23,23,0.50,'USD',50,1,'2017-04-07 01:14:45','2017-04-07 01:29:41'),(831,23,23,0.50,'USD',50,1,'2017-04-07 01:15:13','2017-04-07 01:29:41'),(832,23,23,0.50,'USD',50,1,'2017-04-07 01:27:04','2017-04-07 01:29:41'),(833,23,23,0.50,'USD',50,1,'2017-04-07 01:27:15','2017-04-07 01:29:41'),(834,23,23,0.50,'USD',50,1,'2017-04-07 01:27:21','2017-04-07 01:29:41'),(835,23,23,0.50,'USD',50,1,'2017-04-07 01:27:27','2017-04-07 01:29:41'),(836,23,23,0.50,'USD',50,1,'2017-04-07 01:27:33','2017-04-07 01:29:41'),(837,23,23,0.50,'USD',50,1,'2017-04-07 01:27:37','2017-04-07 01:29:41'),(838,23,23,0.50,'USD',50,1,'2017-04-07 05:20:59','2017-04-07 17:09:41'),(839,18,18,0.01,'USD',50,0,'2017-04-07 19:41:27','2017-04-07 19:41:27'),(840,18,18,0.01,'USD',50,0,'2017-04-07 19:41:43','2017-04-07 19:41:43'),(841,23,23,0.01,'USD',50,1,'2017-04-07 21:26:02','2017-04-07 21:28:59'),(842,23,23,0.01,'USD',50,1,'2017-04-07 21:27:01','2017-04-07 21:28:59'),(843,23,23,0.01,'USD',50,1,'2017-04-07 21:27:03','2017-04-07 21:28:59'),(844,23,23,0.01,'USD',50,1,'2017-04-07 21:27:06','2017-04-07 21:28:59'),(845,23,23,0.01,'USD',50,1,'2017-04-07 21:27:09','2017-04-07 21:28:59'),(846,23,23,0.01,'USD',50,1,'2017-04-07 21:27:13','2017-04-07 21:28:59'),(847,23,23,0.01,'USD',50,1,'2017-04-07 21:27:16','2017-04-07 21:28:59'),(848,23,23,0.01,'USD',50,1,'2017-04-07 21:27:20','2017-04-07 21:28:59'),(849,23,23,0.01,'USD',50,1,'2017-04-07 21:27:24','2017-04-07 21:28:59'),(850,23,23,0.01,'USD',50,1,'2017-04-07 21:27:29','2017-04-07 21:28:59'),(851,23,23,0.01,'USD',50,1,'2017-04-07 21:27:38','2017-04-07 21:28:59'),(852,23,23,0.01,'USD',50,1,'2017-04-07 21:27:44','2017-04-07 21:28:59'),(853,23,23,0.01,'USD',50,1,'2017-04-07 21:27:49','2017-04-07 21:28:59'),(854,23,23,0.01,'USD',50,1,'2017-04-07 21:28:55','2017-04-07 21:28:59'),(855,23,23,0.01,'USD',50,1,'2017-04-07 23:58:50','2017-04-08 00:00:24'),(856,23,23,0.01,'USD',50,1,'2017-04-07 23:59:34','2017-04-08 00:00:24'),(857,23,23,0.01,'USD',50,1,'2017-04-08 00:00:28','2017-04-09 19:32:20'),(858,3,26,0.25,'USD',10,1,'2017-04-09 03:03:00','2017-04-09 03:05:30'),(859,3,26,0.10,'USD',3,1,'2017-04-09 03:05:40','2017-04-09 03:05:44'),(860,3,26,0.10,'USD',3,1,'2017-04-09 03:05:41','2017-04-09 03:05:44'),(861,3,26,0.25,'USD',10,1,'2017-04-09 03:06:22','2017-04-09 03:07:36'),(862,3,26,0.25,'USD',10,1,'2017-04-09 03:06:28','2017-04-09 03:07:36'),(863,3,26,0.25,'USD',10,1,'2017-04-09 03:06:31','2017-04-09 03:07:36'),(864,3,26,0.25,'USD',10,1,'2017-04-09 03:06:36','2017-04-09 03:07:36'),(865,3,26,0.10,'USD',3,1,'2017-04-09 03:07:06','2017-04-09 03:07:36'),(866,3,26,0.10,'USD',3,1,'2017-04-09 03:34:37','2017-05-05 19:52:16'),(867,3,26,0.25,'USD',10,1,'2017-04-09 03:34:39','2017-05-05 19:52:16'),(868,23,23,0.01,'USD',50,1,'2017-04-09 22:01:19','2017-04-24 14:55:47'),(869,23,23,0.01,'USD',50,1,'2017-04-09 22:01:25','2017-04-24 14:55:47'),(870,3,26,0.10,'USD',4,1,'2017-04-13 21:18:30','2017-05-05 19:52:16'),(871,23,23,0.25,'USD',10,1,'2017-04-14 15:13:07','2017-04-24 14:55:47'),(872,23,23,0.05,'USD',7,1,'2017-04-19 17:40:22','2017-04-24 14:55:47'),(873,3,26,0.01,'USD',5,1,'2017-04-19 17:54:54','2017-05-05 19:52:16'),(874,3,26,0.05,'USD',7,1,'2017-04-19 18:45:41','2017-05-05 19:52:16'),(875,3,26,0.25,'USD',10,1,'2017-04-19 19:06:50','2017-05-05 19:52:16'),(876,3,26,0.25,'USD',10,1,'2017-04-19 19:06:54','2017-05-05 19:52:16'),(877,23,23,0.05,'USD',7,1,'2017-04-20 01:39:33','2017-04-24 14:55:47'),(878,23,23,0.25,'USD',10,1,'2017-04-20 01:39:41','2017-04-24 14:55:47'),(879,23,23,0.25,'USD',10,1,'2017-04-20 01:40:11','2017-04-24 14:55:47'),(880,23,23,0.25,'USD',10,1,'2017-04-20 01:40:46','2017-04-24 14:55:47'),(881,23,23,0.25,'USD',10,1,'2017-04-20 03:35:17','2017-04-24 14:55:47'),(882,23,23,0.25,'USD',10,1,'2017-04-20 03:35:20','2017-04-24 14:55:47'),(883,23,23,0.25,'USD',10,1,'2017-04-20 03:35:37','2017-04-24 14:55:47'),(884,23,23,0.01,'USD',5,1,'2017-04-20 03:36:11','2017-04-24 14:55:47'),(885,23,23,0.25,'USD',10,1,'2017-04-20 17:04:13','2017-04-24 14:55:47'),(886,23,23,0.01,'USD',5,1,'2017-04-20 17:06:00','2017-04-24 14:55:47'),(887,3,26,0.05,'USD',7,1,'2017-04-20 17:16:08','2017-05-05 19:52:16'),(888,3,26,0.25,'USD',10,1,'2017-04-20 17:16:21','2017-05-05 19:52:16'),(889,23,23,0.10,'USD',4,1,'2017-04-20 22:15:16','2017-04-24 14:55:47'),(890,23,23,0.10,'USD',4,1,'2017-04-20 22:15:27','2017-04-24 14:55:47'),(891,23,23,0.01,'USD',50,1,'2017-04-21 20:43:23','2017-04-24 14:55:47'),(892,23,23,0.01,'USD',50,1,'2017-04-21 20:43:26','2017-04-24 14:55:47'),(893,23,23,0.01,'USD',50,1,'2017-04-21 20:43:30','2017-04-24 14:55:47'),(894,23,23,0.01,'USD',50,1,'2017-04-21 20:43:39','2017-04-24 14:55:47'),(895,23,23,0.25,'USD',10,1,'2017-04-24 14:51:17','2017-04-24 14:55:47'),(896,23,23,0.25,'USD',10,1,'2017-04-24 15:00:16','2017-04-28 00:44:17'),(897,23,23,0.25,'USD',10,1,'2017-04-24 15:00:57','2017-04-28 00:44:17'),(898,23,23,0.25,'USD',10,1,'2017-04-24 18:48:51','2017-04-28 00:44:17'),(899,23,23,0.01,'USD',5,1,'2017-04-24 18:49:13','2017-04-28 00:44:17'),(900,23,23,0.25,'USD',10,1,'2017-04-24 18:49:22','2017-04-28 00:44:17'),(901,23,23,0.25,'USD',10,1,'2017-04-24 19:45:54','2017-04-28 00:44:17'),(902,23,23,0.01,'USD',5,1,'2017-04-24 19:45:58','2017-04-28 00:44:17'),(903,23,23,0.25,'USD',10,1,'2017-04-24 19:45:58','2017-04-28 00:44:17'),(904,23,23,0.05,'USD',7,1,'2017-04-24 19:46:31','2017-04-28 00:44:17'),(905,23,23,0.25,'USD',10,1,'2017-04-24 19:46:37','2017-04-28 00:44:17'),(906,3,26,0.05,'USD',7,1,'2017-04-24 19:46:43','2017-05-05 19:52:16'),(907,3,26,0.01,'USD',5,1,'2017-04-24 19:47:07','2017-05-05 19:52:16'),(908,23,23,0.25,'USD',10,1,'2017-04-25 06:02:00','2017-04-28 00:44:17'),(909,23,23,0.25,'USD',10,1,'2017-04-25 06:24:05','2017-04-28 00:44:17'),(910,23,23,0.05,'USD',7,1,'2017-04-25 06:24:11','2017-04-28 00:44:17'),(911,23,23,0.25,'USD',10,1,'2017-04-25 06:24:48','2017-04-28 00:44:17'),(912,23,23,0.25,'USD',10,1,'2017-04-25 06:25:07','2017-04-28 00:44:17'),(913,23,23,0.25,'USD',10,1,'2017-04-25 14:22:37','2017-04-28 00:44:17'),(914,23,23,0.05,'USD',7,1,'2017-04-25 14:50:34','2017-04-28 00:44:17'),(915,23,23,0.25,'USD',10,1,'2017-04-25 15:10:35','2017-04-28 00:44:17'),(916,23,23,0.25,'USD',10,1,'2017-04-25 15:26:28','2017-04-28 00:44:17'),(917,23,23,0.05,'USD',7,1,'2017-04-25 15:36:33','2017-04-28 00:44:17'),(918,23,23,0.01,'USD',50,1,'2017-04-25 18:17:22','2017-04-28 00:44:17'),(919,23,23,0.01,'USD',50,1,'2017-04-25 18:17:25','2017-04-28 00:44:17'),(920,23,23,0.01,'USD',50,1,'2017-04-25 18:17:32','2017-04-28 00:44:17'),(921,23,23,0.01,'USD',50,1,'2017-04-25 18:17:35','2017-04-28 00:44:17'),(922,23,23,0.01,'USD',50,1,'2017-04-25 18:32:16','2017-04-28 00:44:17'),(923,23,23,0.01,'USD',50,1,'2017-04-25 18:57:04','2017-04-28 00:44:17'),(924,23,23,0.01,'USD',50,1,'2017-04-25 18:57:07','2017-04-28 00:44:17'),(925,23,23,0.01,'USD',50,1,'2017-04-25 18:57:10','2017-04-28 00:44:17'),(926,23,23,0.01,'USD',50,1,'2017-04-25 18:57:19','2017-04-28 00:44:17'),(927,23,23,0.01,'USD',50,1,'2017-04-25 18:57:23','2017-04-28 00:44:17'),(928,23,23,0.01,'USD',50,1,'2017-04-25 19:43:32','2017-04-28 00:44:17'),(929,23,23,0.25,'USD',10,1,'2017-04-26 14:05:39','2017-04-28 00:44:17'),(930,23,23,0.25,'USD',10,1,'2017-04-26 14:05:44','2017-04-28 00:44:17'),(931,23,23,0.25,'USD',10,1,'2017-04-26 14:07:08','2017-04-28 00:44:17'),(932,23,23,0.01,'USD',5,1,'2017-04-26 14:07:16','2017-04-28 00:44:17'),(933,23,23,0.05,'USD',7,1,'2017-04-26 14:07:26','2017-04-28 00:44:17'),(934,23,23,0.25,'USD',10,1,'2017-04-26 14:07:33','2017-04-28 00:44:17'),(935,3,26,0.25,'USD',10,1,'2017-04-26 14:08:45','2017-05-05 19:52:16'),(936,3,26,0.25,'USD',10,1,'2017-04-26 14:09:01','2017-05-05 19:52:16'),(937,23,23,0.25,'USD',10,1,'2017-04-26 14:52:17','2017-04-28 00:44:17'),(938,3,26,0.05,'USD',7,1,'2017-04-26 14:52:21','2017-05-05 19:52:16'),(939,23,23,0.25,'USD',10,1,'2017-04-26 14:52:35','2017-04-28 00:44:17'),(940,23,23,0.01,'USD',50,1,'2017-04-26 15:02:39','2017-04-28 00:44:17'),(941,23,23,0.10,'USD',4,1,'2017-04-26 15:02:40','2017-04-28 00:44:17'),(942,3,26,0.01,'USD',5,1,'2017-04-26 15:02:42','2017-05-05 19:52:16'),(943,23,23,0.25,'USD',10,1,'2017-04-26 15:08:33','2017-04-28 00:44:17'),(944,3,26,0.01,'USD',5,1,'2017-04-26 15:08:36','2017-05-05 19:52:16'),(945,3,26,0.01,'USD',5,1,'2017-04-26 15:08:40','2017-05-05 19:52:16'),(946,3,26,0.01,'USD',5,1,'2017-04-26 15:08:47','2017-05-05 19:52:16'),(947,3,26,0.25,'USD',10,1,'2017-04-27 18:01:57','2017-05-05 19:52:16'),(948,23,23,0.05,'USD',7,1,'2017-04-28 00:38:26','2017-04-28 00:44:17'),(949,23,23,0.01,'USD',5,1,'2017-04-28 00:38:42','2017-04-28 00:44:17'),(950,23,23,0.01,'USD',5,1,'2017-04-28 00:38:43','2017-04-28 00:44:17'),(951,23,23,0.05,'USD',7,1,'2017-04-28 00:38:44','2017-04-28 00:44:17'),(952,23,23,0.01,'USD',5,1,'2017-04-28 00:39:02','2017-04-28 00:44:17'),(953,23,23,0.25,'USD',10,1,'2017-04-28 00:42:20','2017-04-28 00:44:17'),(954,23,23,0.01,'USD',50,1,'2017-04-28 00:44:15','2017-04-28 00:44:17'),(955,23,23,0.01,'USD',50,1,'2017-04-28 00:44:27','2017-05-05 15:56:01'),(956,23,23,0.01,'USD',50,1,'2017-04-28 00:44:37','2017-05-05 15:56:01'),(957,23,23,0.25,'USD',10,1,'2017-04-30 18:07:31','2017-05-05 15:56:01'),(958,23,23,0.25,'USD',11,1,'2017-04-30 18:09:31','2017-05-05 15:56:01'),(959,23,23,0.25,'USD',10,1,'2017-04-30 18:09:42','2017-05-05 15:56:01'),(960,23,23,0.25,'USD',10,1,'2017-04-30 18:09:43','2017-05-05 15:56:01'),(961,23,23,0.01,'USD',50,1,'2017-04-30 18:29:18','2017-05-05 15:56:01'),(962,23,23,0.25,'USD',10,1,'2017-04-30 18:29:27','2017-05-05 15:56:01'),(963,3,26,0.25,'USD',10,1,'2017-04-30 18:31:51','2017-05-05 19:52:16'),(964,3,26,0.25,'USD',10,1,'2017-04-30 18:32:15','2017-05-05 19:52:16'),(965,3,26,0.25,'USD',10,1,'2017-04-30 18:36:06','2017-05-05 19:52:16'),(966,3,26,0.01,'USD',5,1,'2017-05-02 22:21:57','2017-05-05 19:52:16'),(967,23,23,0.01,'USD',5,1,'2017-05-02 22:22:03','2017-05-05 15:56:01'),(968,3,26,0.25,'USD',10,1,'2017-05-02 22:22:28','2017-05-05 19:52:16'),(969,23,23,0.25,'USD',10,1,'2017-05-03 14:27:33','2017-05-05 15:56:01'),(970,3,26,0.10,'USD',4,1,'2017-05-03 22:40:09','2017-05-05 19:52:16'),(971,3,26,0.05,'USD',7,1,'2017-05-03 22:40:13','2017-05-05 19:52:16'),(972,3,26,0.05,'USD',7,1,'2017-05-03 22:40:25','2017-05-05 19:52:16'),(973,3,26,0.25,'USD',10,1,'2017-05-03 22:40:35','2017-05-05 19:52:16'),(974,3,26,0.25,'USD',10,1,'2017-05-03 22:40:59','2017-05-05 19:52:16'),(975,3,26,0.25,'USD',10,1,'2017-05-04 21:10:39','2017-05-05 19:52:16'),(976,3,26,0.01,'USD',5,1,'2017-05-04 21:10:50','2017-05-05 19:52:16'),(977,3,26,0.05,'USD',7,1,'2017-05-04 21:10:54','2017-05-05 19:52:16'),(978,3,26,0.01,'USD',5,1,'2017-05-04 21:10:58','2017-05-05 19:52:16'),(979,3,26,0.25,'USD',10,1,'2017-05-04 21:11:03','2017-05-05 19:52:16'),(980,3,26,0.10,'USD',4,1,'2017-05-04 21:11:06','2017-05-05 19:52:16'),(981,3,26,0.01,'USD',5,1,'2017-05-04 21:11:13','2017-05-05 19:52:16'),(982,3,26,0.05,'USD',7,1,'2017-05-04 21:11:14','2017-05-05 19:52:16'),(983,3,26,0.25,'USD',10,1,'2017-05-04 21:11:23','2017-05-05 19:52:16'),(984,3,26,0.01,'USD',5,1,'2017-05-04 21:11:33','2017-05-05 19:52:16'),(985,23,23,0.25,'USD',10,1,'2017-05-05 15:53:06','2017-05-05 15:56:01'),(986,23,23,0.25,'USD',10,1,'2017-05-05 15:53:37','2017-05-05 15:56:01'),(987,23,23,0.10,'USD',4,1,'2017-05-05 15:55:03','2017-05-05 15:56:01'),(988,23,23,0.25,'USD',10,1,'2017-05-05 15:59:05','2017-05-09 15:37:04'),(989,23,23,0.25,'USD',10,1,'2017-05-05 16:05:40','2017-05-09 15:37:04'),(990,23,23,0.25,'USD',10,1,'2017-05-05 16:22:33','2017-05-09 15:37:04'),(991,23,23,0.01,'USD',5,1,'2017-05-05 16:22:34','2017-05-09 15:37:04'),(992,23,23,0.25,'USD',10,1,'2017-05-05 16:42:22','2017-05-09 15:37:04'),(993,3,26,0.25,'USD',10,1,'2017-05-05 19:00:45','2017-05-05 19:52:16'),(994,3,26,0.25,'USD',10,1,'2017-05-05 19:50:27','2017-05-05 19:52:16'),(995,3,26,0.25,'USD',10,1,'2017-05-05 20:41:43','2017-05-05 22:12:11'),(996,3,26,0.25,'USD',10,1,'2017-05-05 20:42:00','2017-05-05 22:12:11'),(997,23,23,0.25,'USD',10,1,'2017-05-05 20:45:20','2017-05-09 15:37:04'),(998,23,23,0.01,'USD',5,1,'2017-05-05 20:46:33','2017-05-09 15:37:04'),(999,3,26,0.10,'USD',4,1,'2017-05-05 20:46:33','2017-05-05 22:12:11'),(1000,23,23,0.25,'USD',10,1,'2017-05-05 20:46:44','2017-05-09 15:37:04'),(1001,23,23,0.01,'USD',50,1,'2017-05-05 21:00:14','2017-05-09 15:37:04'),(1002,3,26,0.10,'USD',4,1,'2017-05-05 22:12:16','2017-05-07 13:10:58'),(1003,3,26,0.01,'USD',6,1,'2017-05-05 22:14:08','2017-05-07 13:10:58'),(1004,3,26,0.05,'USD',8,1,'2017-05-05 22:14:11','2017-05-07 13:10:58'),(1005,3,26,0.25,'USD',10,1,'2017-05-05 22:14:15','2017-05-07 13:10:58'),(1006,3,26,0.25,'USD',10,1,'2017-05-05 22:14:25','2017-05-07 13:10:58'),(1007,3,26,0.25,'USD',10,1,'2017-05-07 13:39:03','2017-05-16 22:30:23'),(1008,3,26,0.25,'USD',10,1,'2017-05-07 13:39:10','2017-05-16 22:30:23'),(1009,3,26,0.01,'USD',5,1,'2017-05-07 13:39:12','2017-05-16 22:30:23'),(1010,3,26,0.10,'USD',4,1,'2017-05-07 13:43:15','2017-05-16 22:30:23'),(1011,3,26,0.25,'USD',10,1,'2017-05-07 18:01:26','2017-05-16 22:30:23'),(1012,23,23,0.05,'USD',9,1,'2017-05-09 15:33:47','2017-05-09 15:37:04'),(1013,23,23,0.25,'USD',10,1,'2017-05-09 15:33:50','2017-05-09 15:37:04'),(1014,23,23,0.25,'USD',10,1,'2017-05-09 15:35:25','2017-05-09 15:37:04'),(1015,23,23,0.01,'USD',5,1,'2017-05-09 15:37:02','2017-05-09 15:37:04'),(1016,23,23,0.01,'USD',50,1,'2017-05-09 15:37:14','2017-05-10 19:22:48'),(1017,23,23,0.25,'USD',10,1,'2017-05-09 15:41:01','2017-05-10 19:22:48'),(1018,23,23,0.05,'USD',8,1,'2017-05-09 15:42:40','2017-05-10 19:22:48'),(1019,23,23,0.05,'USD',8,1,'2017-05-09 15:42:42','2017-05-10 19:22:48'),(1020,23,23,0.05,'USD',8,1,'2017-05-09 15:42:43','2017-05-10 19:22:48'),(1021,23,23,0.05,'USD',7,1,'2017-05-09 15:42:43','2017-05-10 19:22:48'),(1022,23,23,0.25,'USD',10,1,'2017-05-09 15:47:05','2017-05-10 19:22:48'),(1023,23,23,0.25,'USD',10,1,'2017-05-10 02:07:40','2017-05-10 19:22:48'),(1024,23,23,0.01,'USD',50,1,'2017-05-10 02:07:45','2017-05-10 19:22:48'),(1025,23,23,0.01,'USD',50,1,'2017-05-10 02:09:09','2017-05-10 19:22:48'),(1026,23,23,0.25,'USD',10,1,'2017-05-10 19:18:52','2017-05-10 19:22:48'),(1027,23,23,0.25,'USD',10,1,'2017-05-10 19:20:41','2017-05-10 19:22:48'),(1028,23,23,0.01,'USD',5,1,'2017-05-10 19:21:48','2017-05-10 19:22:48'),(1029,23,23,1.00,'USD',13,1,'2017-05-10 19:22:08','2017-05-10 19:22:48'),(1030,23,23,0.01,'USD',5,1,'2017-05-10 19:23:01','2017-05-25 03:22:03'),(1031,23,23,1.00,'USD',12,1,'2017-05-10 19:23:54','2017-05-25 03:22:03'),(1032,23,23,0.05,'USD',7,1,'2017-05-10 19:25:07','2017-05-25 03:22:03'),(1033,23,23,0.05,'USD',7,1,'2017-05-10 19:26:08','2017-05-25 03:22:03'),(1034,23,23,0.25,'USD',10,1,'2017-05-15 20:23:50','2017-05-25 03:22:03'),(1035,23,23,0.25,'USD',10,1,'2017-05-15 20:24:04','2017-05-25 03:22:03'),(1036,3,26,0.25,'USD',10,1,'2017-05-15 21:49:21','2017-05-16 22:30:23'),(1037,3,26,0.05,'USD',7,1,'2017-05-15 21:49:40','2017-05-16 22:30:23'),(1038,3,26,0.25,'USD',10,1,'2017-05-16 22:28:40','2017-05-16 22:30:23'),(1039,3,26,0.25,'USD',10,1,'2017-05-17 00:01:05','2017-06-09 15:51:35'),(1040,3,26,0.05,'USD',7,1,'2017-05-17 00:01:12','2017-06-09 15:51:35'),(1041,3,26,0.25,'USD',10,1,'2017-05-17 00:07:33','2017-06-09 15:51:35'),(1042,3,26,0.01,'USD',5,1,'2017-05-17 00:07:36','2017-06-09 15:51:35'),(1043,3,26,0.25,'USD',10,1,'2017-05-17 00:07:55','2017-06-09 15:51:35'),(1044,3,26,0.25,'USD',10,1,'2017-05-17 00:07:58','2017-06-09 15:51:35'),(1045,23,28,0.10,'USD',3,1,'2017-05-17 22:51:12','2017-05-25 03:22:03'),(1046,23,28,0.25,'USD',11,1,'2017-05-17 22:51:28','2017-05-25 03:22:03'),(1047,23,28,0.25,'USD',11,1,'2017-05-17 22:52:43','2017-05-25 03:22:03'),(1048,23,28,0.25,'USD',11,1,'2017-05-17 22:52:45','2017-05-25 03:22:03'),(1049,23,28,0.25,'USD',11,1,'2017-05-17 22:52:46','2017-05-25 03:22:03'),(1050,23,28,0.25,'USD',11,1,'2017-05-17 22:52:46','2017-05-25 03:22:03'),(1051,23,28,0.25,'USD',11,1,'2017-05-17 22:52:47','2017-05-25 03:22:03'),(1052,23,28,0.25,'USD',11,1,'2017-05-17 22:52:48','2017-05-25 03:22:03'),(1053,23,28,0.25,'USD',11,1,'2017-05-17 22:52:48','2017-05-25 03:22:03'),(1054,23,28,0.25,'USD',11,1,'2017-05-18 15:22:46','2017-05-25 03:22:03'),(1055,23,28,0.25,'USD',11,1,'2017-05-18 15:22:47','2017-05-25 03:22:03'),(1056,23,28,0.25,'USD',11,1,'2017-05-18 15:22:48','2017-05-25 03:22:03'),(1057,23,28,0.25,'USD',11,1,'2017-05-18 15:23:49','2017-05-25 03:22:03'),(1058,23,28,0.25,'USD',10,1,'2017-05-18 15:23:50','2017-05-25 03:22:03'),(1059,23,28,0.01,'USD',50,1,'2017-05-18 15:24:00','2017-05-25 03:22:03'),(1060,23,28,0.10,'USD',4,1,'2017-05-19 01:03:58','2017-05-25 03:22:03'),(1061,23,28,0.10,'USD',4,1,'2017-05-19 01:04:08','2017-05-25 03:22:03'),(1062,23,28,0.25,'USD',10,1,'2017-05-19 01:06:50','2017-05-25 03:22:03'),(1063,23,28,0.25,'USD',10,1,'2017-05-19 01:08:33','2017-05-25 03:22:03'),(1064,23,28,0.05,'USD',7,1,'2017-05-19 01:10:13','2017-05-25 03:22:03'),(1065,23,28,0.01,'USD',5,1,'2017-05-19 01:10:15','2017-05-25 03:22:03'),(1066,23,28,0.05,'USD',7,1,'2017-05-19 01:10:16','2017-05-25 03:22:03'),(1067,23,28,0.10,'USD',4,1,'2017-05-19 01:10:16','2017-05-25 03:22:03'),(1068,23,28,0.25,'USD',10,1,'2017-05-19 01:11:51','2017-05-25 03:22:03'),(1069,23,28,0.25,'USD',10,1,'2017-05-19 01:13:42','2017-05-25 03:22:03'),(1070,23,28,0.25,'USD',10,1,'2017-05-19 01:14:31','2017-05-25 03:22:03'),(1071,23,28,0.25,'USD',10,1,'2017-05-19 01:17:38','2017-05-25 03:22:03'),(1072,23,28,0.01,'USD',5,1,'2017-05-22 17:55:31','2017-05-25 03:22:03'),(1073,23,28,0.10,'USD',4,1,'2017-05-22 17:55:59','2017-05-25 03:22:03'),(1074,23,28,0.10,'USD',4,1,'2017-05-22 18:10:40','2017-05-25 03:22:03'),(1075,23,28,0.01,'USD',5,1,'2017-05-22 19:06:59','2017-05-25 03:22:03'),(1076,23,28,0.25,'USD',10,1,'2017-05-22 22:27:26','2017-05-25 03:22:03'),(1077,23,28,0.25,'USD',10,1,'2017-05-22 22:30:08','2017-05-25 03:22:03'),(1078,23,28,0.25,'USD',10,1,'2017-05-23 22:47:31','2017-05-25 03:22:03'),(1079,23,28,0.25,'USD',10,1,'2017-05-23 22:49:19','2017-05-25 03:22:03'),(1080,23,28,0.25,'USD',10,1,'2017-05-24 01:00:48','2017-05-25 03:22:03'),(1081,23,28,0.25,'USD',10,1,'2017-05-25 03:10:33','2017-05-25 03:22:03'),(1082,23,28,0.01,'USD',50,1,'2017-05-25 03:22:02','2017-05-25 03:22:03'),(1083,23,28,0.01,'USD',50,1,'2017-05-25 03:31:27','2017-07-10 22:59:44'),(1084,23,28,0.25,'USD',10,1,'2017-05-25 03:33:46','2017-07-10 22:59:44'),(1085,23,28,0.25,'USD',10,1,'2017-05-25 15:30:59','2017-07-10 22:59:44'),(1086,23,28,0.25,'USD',10,1,'2017-05-25 17:40:12','2017-07-10 22:59:44'),(1087,23,28,0.01,'USD',50,1,'2017-05-25 17:45:26','2017-07-10 22:59:44'),(1088,23,28,0.01,'USD',5,1,'2017-05-28 15:07:21','2017-07-10 22:59:44'),(1089,23,28,0.25,'USD',10,1,'2017-05-28 23:53:41','2017-07-10 22:59:44'),(1090,23,28,0.01,'USD',5,1,'2017-05-28 23:55:26','2017-07-10 22:59:44'),(1091,23,28,0.01,'USD',5,1,'2017-05-28 23:55:53','2017-07-10 22:59:44'),(1092,23,28,0.05,'USD',8,1,'2017-05-29 23:58:34','2017-07-10 22:59:44'),(1093,22,22,0.10,'USD',3,1,'2017-05-30 13:08:38','2017-05-31 03:05:46'),(1094,22,22,0.10,'USD',3,1,'2017-05-30 13:08:43','2017-05-31 03:05:46'),(1095,22,22,0.01,'USD',5,1,'2017-05-30 13:08:52','2017-05-31 03:05:46'),(1096,22,22,0.01,'USD',5,1,'2017-05-30 13:08:53','2017-05-31 03:05:46'),(1097,22,22,0.10,'USD',3,1,'2017-05-31 02:59:52','2017-05-31 03:05:46'),(1098,22,22,0.10,'USD',3,1,'2017-05-31 03:03:06','2017-05-31 03:05:46'),(1099,22,22,0.10,'USD',3,1,'2017-05-31 03:03:34','2017-05-31 03:05:46'),(1100,22,22,0.10,'USD',3,1,'2017-05-31 03:04:28','2017-05-31 03:05:46'),(1101,22,22,0.01,'USD',5,1,'2017-05-31 03:05:07','2017-05-31 03:05:46'),(1102,22,22,0.10,'USD',3,1,'2017-05-31 03:05:24','2017-05-31 03:05:46'),(1103,23,28,0.25,'USD',10,1,'2017-06-01 01:35:50','2017-07-10 22:59:44'),(1104,22,22,0.01,'USD',5,0,'2017-06-01 04:34:38','2017-06-01 04:34:38'),(1105,22,22,0.01,'USD',5,0,'2017-06-01 04:34:54','2017-06-01 04:34:54'),(1106,22,22,0.01,'USD',5,0,'2017-06-01 04:35:11','2017-06-01 04:35:11'),(1107,22,22,0.10,'USD',3,0,'2017-06-01 04:35:14','2017-06-01 04:35:14'),(1108,22,22,0.01,'USD',5,0,'2017-06-01 04:35:17','2017-06-01 04:35:17'),(1109,22,22,0.01,'USD',5,0,'2017-06-01 04:35:43','2017-06-01 04:35:43'),(1110,22,22,0.01,'USD',5,0,'2017-06-01 04:36:53','2017-06-01 04:36:53'),(1111,22,22,0.01,'USD',5,0,'2017-06-01 04:37:04','2017-06-01 04:37:04'),(1112,22,22,0.10,'USD',3,0,'2017-06-01 04:44:32','2017-06-01 04:44:32'),(1113,22,22,0.10,'USD',3,0,'2017-06-01 04:44:38','2017-06-01 04:44:38'),(1114,22,22,0.10,'USD',3,0,'2017-06-01 04:44:50','2017-06-01 04:44:50'),(1115,22,22,0.10,'USD',4,0,'2017-06-01 04:44:52','2017-06-01 04:44:52'),(1116,22,22,0.10,'USD',3,0,'2017-06-01 05:15:48','2017-06-01 05:15:48'),(1117,22,22,0.10,'USD',3,0,'2017-06-01 14:20:09','2017-06-01 14:20:09'),(1118,22,22,0.10,'USD',3,0,'2017-06-01 14:20:15','2017-06-01 14:20:15'),(1119,22,22,0.01,'USD',5,0,'2017-06-01 14:20:17','2017-06-01 14:20:17'),(1120,22,22,0.01,'USD',5,0,'2017-06-01 14:20:27','2017-06-01 14:20:27'),(1121,22,22,0.10,'USD',3,0,'2017-06-01 14:20:29','2017-06-01 14:20:29'),(1122,22,22,0.01,'USD',5,0,'2017-06-03 10:59:17','2017-06-03 10:59:17'),(1123,22,22,0.01,'USD',5,0,'2017-06-03 10:59:18','2017-06-03 10:59:18'),(1124,22,22,0.10,'USD',3,0,'2017-06-03 10:59:21','2017-06-03 10:59:21'),(1125,22,22,0.01,'USD',5,0,'2017-06-03 10:59:33','2017-06-03 10:59:33'),(1126,22,22,0.10,'USD',3,0,'2017-06-03 10:59:53','2017-06-03 10:59:53'),(1127,23,28,0.25,'USD',10,1,'2017-06-04 01:21:11','2017-07-10 22:59:44'),(1128,23,28,0.25,'USD',10,1,'2017-06-04 01:26:15','2017-07-10 22:59:44'),(1129,23,28,0.25,'USD',10,1,'2017-06-04 01:31:08','2017-07-10 22:59:44'),(1130,23,28,0.10,'USD',4,1,'2017-06-05 23:54:26','2017-07-10 22:59:44'),(1131,23,28,0.01,'USD',5,1,'2017-06-05 23:54:28','2017-07-10 22:59:44'),(1132,23,28,0.25,'USD',10,1,'2017-06-05 23:54:50','2017-07-10 22:59:44'),(1133,23,28,0.25,'USD',10,1,'2017-06-05 23:55:06','2017-07-10 22:59:44'),(1134,23,28,0.05,'USD',7,1,'2017-06-05 23:55:24','2017-07-10 22:59:44'),(1135,22,22,0.01,'USD',5,0,'2017-06-06 12:45:54','2017-06-06 12:45:54'),(1136,22,22,0.01,'USD',5,0,'2017-06-06 12:45:55','2017-06-06 12:45:55'),(1137,22,22,0.01,'USD',5,0,'2017-06-06 12:45:59','2017-06-06 12:45:59'),(1138,22,22,0.01,'USD',5,0,'2017-06-06 12:46:02','2017-06-06 12:46:02'),(1139,22,22,0.10,'USD',3,0,'2017-06-06 12:46:04','2017-06-06 12:46:04'),(1140,3,26,0.05,'USD',7,1,'2017-06-08 20:03:02','2017-06-09 15:51:35'),(1141,3,26,0.25,'USD',10,1,'2017-06-08 21:43:06','2017-06-09 15:51:35'),(1142,23,28,0.25,'USD',10,1,'2017-06-09 15:46:23','2017-07-10 22:59:44'),(1143,3,26,0.25,'USD',10,1,'2017-06-09 15:47:24','2017-06-09 15:51:35'),(1144,3,26,0.25,'USD',10,1,'2017-06-09 15:48:09','2017-06-09 15:51:35'),(1145,3,26,0.10,'USD',3,1,'2017-06-09 15:48:18','2017-06-09 15:51:35'),(1146,23,28,0.25,'USD',10,1,'2017-06-09 15:49:16','2017-07-10 22:59:44'),(1147,23,28,0.25,'USD',10,1,'2017-06-09 15:49:54','2017-07-10 22:59:44'),(1148,3,26,0.05,'USD',7,1,'2017-06-09 15:50:58','2017-06-09 15:51:35'),(1149,23,28,0.01,'USD',50,1,'2017-06-09 15:51:47','2017-07-10 22:59:44'),(1150,3,26,0.25,'USD',10,1,'2017-06-09 16:17:23','2017-12-21 15:49:33'),(1151,3,26,0.10,'USD',3,1,'2017-06-09 16:17:32','2017-12-21 15:49:33'),(1152,23,28,0.25,'USD',10,1,'2017-06-09 16:17:49','2017-07-10 22:59:44'),(1153,23,28,0.25,'USD',10,1,'2017-06-14 19:10:18','2017-07-10 22:59:44'),(1154,23,28,0.01,'USD',5,1,'2017-06-14 19:12:42','2017-07-10 22:59:44'),(1155,23,28,0.10,'USD',4,1,'2017-06-14 19:13:53','2017-07-10 22:59:44'),(1156,23,28,0.25,'USD',10,1,'2017-06-14 19:15:21','2017-07-10 22:59:44'),(1157,23,28,0.25,'USD',10,1,'2017-06-18 08:45:24','2017-07-10 22:59:44'),(1158,23,28,0.01,'USD',5,1,'2017-06-18 09:12:08','2017-07-10 22:59:44'),(1159,23,28,0.01,'USD',50,1,'2017-06-18 09:13:02','2017-07-10 22:59:44'),(1160,23,28,0.01,'USD',50,1,'2017-06-18 09:13:17','2017-07-10 22:59:44'),(1161,23,28,0.25,'USD',10,1,'2017-06-18 14:44:48','2017-07-10 22:59:44'),(1162,23,28,0.01,'USD',5,1,'2017-06-18 14:44:51','2017-07-10 22:59:44'),(1163,23,28,0.25,'USD',10,1,'2017-06-23 11:25:41','2017-07-10 22:59:44'),(1164,23,28,0.10,'USD',4,1,'2017-06-23 11:26:21','2017-07-10 22:59:44'),(1165,23,28,0.10,'USD',4,1,'2017-06-23 11:26:23','2017-07-10 22:59:44'),(1166,23,28,0.10,'USD',4,1,'2017-06-23 11:26:24','2017-07-10 22:59:44'),(1167,23,28,0.25,'USD',10,1,'2017-06-23 11:26:26','2017-07-10 22:59:44'),(1168,3,26,0.50,'USD',100,1,'2017-06-29 06:25:19','2017-12-21 15:49:33'),(1169,3,26,0.50,'USD',100,1,'2017-06-29 06:25:29','2017-12-21 15:49:33'),(1170,3,26,0.50,'USD',100,1,'2017-06-29 06:54:47','2017-12-21 15:49:33'),(1171,3,26,0.50,'USD',100,1,'2017-06-29 06:54:55','2017-12-21 15:49:33'),(1172,3,26,0.00,'USD',100,1,'2017-06-29 06:58:32','2017-12-21 15:49:33'),(1173,3,26,0.00,'USD',100,1,'2017-06-29 06:58:42','2017-12-21 15:49:33'),(1174,3,26,1.00,'USD',50,1,'2017-06-29 22:00:15','2017-12-21 15:49:33'),(1175,3,26,1.00,'USD',50,1,'2017-06-29 22:00:26','2017-12-21 15:49:33'),(1176,3,26,1.00,'USD',50,1,'2017-06-29 23:23:07','2017-12-21 15:49:33'),(1177,3,26,1.00,'USD',50,1,'2017-06-29 23:23:29','2017-12-21 15:49:33'),(1178,3,26,1.00,'USD',50,1,'2017-06-29 23:23:39','2017-12-21 15:49:33'),(1179,23,28,1.00,'USD',50,1,'2017-06-30 15:58:18','2017-07-10 22:59:44'),(1180,23,28,0.05,'USD',9,1,'2017-07-04 03:23:19','2017-07-10 22:59:44'),(1181,23,28,0.25,'USD',10,1,'2017-07-04 03:24:05','2017-07-10 22:59:44'),(1182,23,28,0.10,'USD',4,1,'2017-07-04 03:24:43','2017-07-10 22:59:44'),(1183,23,28,0.01,'USD',5,1,'2017-07-04 03:24:45','2017-07-10 22:59:44'),(1184,23,28,0.10,'USD',3,1,'2017-07-06 00:18:12','2017-07-10 22:59:44'),(1185,23,28,0.10,'USD',3,1,'2017-07-06 00:18:13','2017-07-10 22:59:44'),(1186,23,28,0.01,'USD',5,1,'2017-07-06 00:18:15','2017-07-10 22:59:44'),(1187,3,26,1.00,'USD',50,1,'2017-07-06 09:23:20','2017-12-21 15:49:33'),(1188,3,26,1.00,'USD',50,1,'2017-07-06 09:23:37','2017-12-21 15:49:33'),(1189,3,26,1.00,'USD',50,1,'2017-07-06 09:23:44','2017-12-21 15:49:33'),(1190,3,26,1.00,'USD',50,1,'2017-07-06 09:24:03','2017-12-21 15:49:33'),(1191,3,26,1.00,'USD',50,1,'2017-07-06 09:24:25','2017-12-21 15:49:33'),(1192,3,26,0.50,'USD',20,1,'2017-07-06 09:25:29','2017-12-21 15:49:33'),(1193,3,26,0.50,'USD',20,1,'2017-07-06 09:25:50','2017-12-21 15:49:33'),(1194,3,26,1.00,'USD',50,1,'2017-07-06 09:31:12','2017-12-21 15:49:33'),(1195,3,26,1.00,'USD',12,1,'2017-07-06 09:31:24','2017-12-21 15:49:33'),(1196,3,26,1.00,'USD',12,1,'2017-07-06 09:31:32','2017-12-21 15:49:33'),(1197,3,26,0.05,'USD',8,1,'2017-07-06 09:31:39','2017-12-21 15:49:33'),(1198,3,26,1.00,'USD',12,1,'2017-07-06 09:31:55','2017-12-21 15:49:33'),(1199,3,26,1.00,'USD',12,1,'2017-07-06 09:32:43','2017-12-21 15:49:33'),(1200,3,26,1.00,'USD',12,1,'2017-07-06 09:32:55','2017-12-21 15:49:33'),(1201,3,26,1.00,'USD',12,1,'2017-07-06 09:32:57','2017-12-21 15:49:33'),(1202,3,26,0.05,'USD',8,1,'2017-07-06 09:33:09','2017-12-21 15:49:33'),(1203,3,26,0.05,'USD',8,1,'2017-07-06 09:33:36','2017-12-21 15:49:33'),(1204,3,26,1.00,'USD',12,1,'2017-07-06 09:33:55','2017-12-21 15:49:33'),(1205,3,26,1.00,'USD',50,1,'2017-07-06 13:20:47','2017-12-21 15:49:33'),(1206,3,26,1.00,'USD',12,1,'2017-07-06 13:21:38','2017-12-21 15:49:33'),(1207,3,26,1.00,'USD',12,1,'2017-07-06 13:21:45','2017-12-21 15:49:33'),(1208,3,26,1.00,'USD',12,1,'2017-07-06 13:21:48','2017-12-21 15:49:33'),(1209,3,26,1.00,'USD',12,1,'2017-07-06 13:22:11','2017-12-21 15:49:33'),(1210,3,26,0.05,'USD',8,1,'2017-07-06 13:22:26','2017-12-21 15:49:33'),(1211,3,26,0.50,'USD',20,1,'2017-07-06 13:22:59','2017-12-21 15:49:33'),(1212,3,26,0.05,'USD',8,1,'2017-07-06 13:38:13','2017-12-21 15:49:33'),(1213,3,26,1.00,'USD',12,1,'2017-07-06 13:38:32','2017-12-21 15:49:33'),(1214,3,26,1.00,'USD',12,1,'2017-07-06 13:38:36','2017-12-21 15:49:33'),(1215,3,26,1.00,'USD',12,1,'2017-07-06 13:38:40','2017-12-21 15:49:33'),(1216,3,26,1.00,'USD',12,1,'2017-07-06 13:38:42','2017-12-21 15:49:33'),(1217,3,26,0.05,'USD',8,1,'2017-07-06 13:38:45','2017-12-21 15:49:33'),(1218,3,26,0.05,'USD',8,1,'2017-07-06 13:38:48','2017-12-21 15:49:33'),(1219,3,26,0.05,'USD',8,1,'2017-07-06 13:43:18','2017-12-21 15:49:33'),(1220,3,26,1.00,'USD',12,1,'2017-07-06 13:43:27','2017-12-21 15:49:33'),(1221,3,26,1.00,'USD',12,1,'2017-07-06 13:57:16','2017-12-21 15:49:33'),(1222,3,26,1.00,'USD',12,1,'2017-07-06 13:57:20','2017-12-21 15:49:33'),(1223,3,26,1.00,'USD',12,1,'2017-07-06 13:57:21','2017-12-21 15:49:33'),(1224,3,26,1.00,'USD',12,1,'2017-07-06 13:57:23','2017-12-21 15:49:33'),(1225,3,26,1.00,'USD',12,1,'2017-07-06 13:57:24','2017-12-21 15:49:33'),(1226,3,26,0.05,'USD',7,1,'2017-07-06 13:57:48','2017-12-21 15:49:33'),(1227,3,26,0.05,'USD',8,1,'2017-07-06 13:57:58','2017-12-21 15:49:33'),(1228,3,26,0.05,'USD',8,1,'2017-07-06 13:58:01','2017-12-21 15:49:33'),(1229,3,26,0.05,'USD',8,1,'2017-07-06 13:58:02','2017-12-21 15:49:33'),(1230,3,26,0.10,'USD',4,1,'2017-07-06 13:58:04','2017-12-21 15:49:33'),(1231,3,26,0.05,'USD',8,1,'2017-07-06 13:58:05','2017-12-21 15:49:33'),(1232,3,26,0.05,'USD',7,1,'2017-07-06 13:58:07','2017-12-21 15:49:33'),(1233,3,26,0.05,'USD',8,1,'2017-07-06 13:58:08','2017-12-21 15:49:33'),(1234,3,26,0.05,'USD',8,1,'2017-07-06 13:58:45','2017-12-21 15:49:33'),(1235,3,26,0.05,'USD',8,1,'2017-07-06 13:58:52','2017-12-21 15:49:33'),(1236,3,26,0.05,'USD',8,1,'2017-07-06 13:58:56','2017-12-21 15:49:33'),(1237,3,26,0.05,'USD',8,1,'2017-07-06 13:59:12','2017-12-21 15:49:33'),(1238,3,26,0.05,'USD',8,1,'2017-07-06 13:59:13','2017-12-21 15:49:33'),(1239,3,26,0.05,'USD',8,1,'2017-07-06 13:59:14','2017-12-21 15:49:33'),(1240,3,26,0.05,'USD',7,1,'2017-07-06 13:59:18','2017-12-21 15:49:33'),(1241,3,26,0.05,'USD',7,1,'2017-07-06 13:59:41','2017-12-21 15:49:33'),(1242,3,26,0.05,'USD',8,1,'2017-07-06 14:00:47','2017-12-21 15:49:33'),(1243,3,26,0.05,'USD',7,1,'2017-07-06 14:00:49','2017-12-21 15:49:33'),(1244,3,26,0.05,'USD',8,1,'2017-07-06 14:00:50','2017-12-21 15:49:33'),(1245,3,26,0.05,'USD',8,1,'2017-07-06 14:00:52','2017-12-21 15:49:33'),(1246,3,26,0.05,'USD',8,1,'2017-07-06 14:00:53','2017-12-21 15:49:33'),(1247,3,26,1.00,'USD',12,1,'2017-07-06 14:22:42','2017-12-21 15:49:33'),(1248,3,26,1.00,'USD',12,1,'2017-07-06 14:23:05','2017-12-21 15:49:33'),(1249,3,26,1.00,'USD',12,1,'2017-07-06 14:23:07','2017-12-21 15:49:33'),(1250,3,26,1.00,'USD',12,1,'2017-07-06 14:23:13','2017-12-21 15:49:33'),(1251,3,26,0.05,'USD',8,1,'2017-07-06 14:23:29','2017-12-21 15:49:33'),(1252,3,26,0.00,'USD',100,1,'2017-07-06 14:24:19','2017-12-21 15:49:33'),(1253,3,26,0.00,'USD',100,1,'2017-07-06 14:24:30','2017-12-21 15:49:33'),(1254,560,23,1.00,'USD',12,1,'2017-07-07 04:30:18','2017-08-02 21:21:45'),(1255,560,23,1.00,'USD',12,1,'2017-07-07 04:31:04','2017-08-02 21:21:45'),(1256,560,23,1.00,'USD',12,1,'2017-07-07 05:01:05','2017-08-02 21:21:45'),(1257,560,23,0.01,'USD',6,1,'2017-07-07 05:01:30','2017-08-02 21:21:45'),(1258,23,28,1.00,'USD',50,1,'2017-07-10 22:56:13','2017-07-10 22:59:44'),(1259,23,28,0.05,'USD',8,0,'2017-07-10 23:19:01','2017-07-10 23:19:01'),(1260,23,28,0.01,'USD',6,0,'2017-07-10 23:19:03','2017-07-10 23:19:03'),(1261,23,28,0.01,'USD',6,0,'2017-07-10 23:19:04','2017-07-10 23:19:04'),(1262,23,28,0.25,'USD',10,0,'2017-07-10 23:19:05','2017-07-10 23:19:05'),(1263,23,28,0.01,'USD',5,0,'2017-07-10 23:23:31','2017-07-10 23:23:31'),(1264,23,28,0.01,'USD',5,0,'2017-07-10 23:23:33','2017-07-10 23:23:33'),(1265,23,28,0.25,'USD',11,0,'2017-07-11 17:36:29','2017-07-11 17:36:29'),(1266,23,28,0.25,'USD',10,0,'2017-07-11 20:29:20','2017-07-11 20:29:20'),(1267,23,28,0.05,'USD',8,0,'2017-07-11 20:30:28','2017-07-11 20:30:28'),(1268,23,28,0.05,'USD',9,0,'2017-07-11 20:30:29','2017-07-11 20:30:29'),(1269,23,28,0.25,'USD',10,0,'2017-07-11 20:30:30','2017-07-11 20:30:30'),(1270,23,28,0.25,'USD',10,0,'2017-07-11 20:30:31','2017-07-11 20:30:31'),(1271,23,28,1.00,'USD',50,0,'2017-07-12 01:10:21','2017-07-12 01:10:21'),(1272,560,23,0.00,'USD',100,1,'2017-07-13 16:10:14','2017-08-02 21:21:45'),(1273,560,23,0.00,'USD',100,1,'2017-07-13 16:10:25','2017-08-02 21:21:45'),(1274,560,23,1.00,'USD',50,1,'2017-07-13 16:10:49','2017-08-02 21:21:45'),(1275,560,23,1.00,'USD',50,1,'2017-07-13 16:11:00','2017-08-02 21:21:45'),(1276,560,23,0.00,'USD',100,1,'2017-07-13 16:11:26','2017-08-02 21:21:45'),(1277,560,23,1.00,'USD',50,1,'2017-07-13 16:11:32','2017-08-02 21:21:45'),(1278,560,23,0.05,'USD',8,1,'2017-07-13 16:11:52','2017-08-02 21:21:45'),(1279,560,23,0.00,'USD',100,1,'2017-07-13 16:13:06','2017-08-02 21:21:45'),(1280,560,23,1.00,'USD',50,1,'2017-07-13 16:14:58','2017-08-02 21:21:45'),(1281,560,23,0.25,'USD',11,1,'2017-07-13 16:35:43','2017-08-02 21:21:45'),(1282,560,23,0.00,'USD',100,1,'2017-07-13 16:36:04','2017-08-02 21:21:45'),(1283,560,23,1.00,'USD',50,1,'2017-07-13 16:42:21','2017-08-02 21:21:45'),(1284,560,23,0.25,'USD',11,1,'2017-07-13 16:42:34','2017-08-02 21:21:45'),(1285,560,23,0.00,'USD',100,1,'2017-07-13 16:42:48','2017-08-02 21:21:45'),(1286,560,23,0.25,'USD',11,1,'2017-07-13 16:42:54','2017-08-02 21:21:45'),(1287,560,23,0.01,'USD',6,1,'2017-07-13 16:43:06','2017-08-02 21:21:45'),(1288,560,23,0.00,'USD',100,1,'2017-07-13 16:50:36','2017-08-02 21:21:45'),(1289,560,23,1.00,'USD',50,1,'2017-07-13 16:50:46','2017-08-02 21:21:45'),(1290,560,23,0.25,'USD',11,1,'2017-07-13 16:50:54','2017-08-02 21:21:45'),(1291,560,23,0.00,'USD',100,1,'2017-07-13 16:52:11','2017-08-02 21:21:45'),(1292,560,23,0.00,'USD',100,1,'2017-07-13 16:52:12','2017-08-02 21:21:45'),(1293,560,23,0.00,'USD',100,1,'2017-07-13 16:52:13','2017-08-02 21:21:45'),(1294,560,23,0.25,'USD',11,1,'2017-07-13 16:52:24','2017-08-02 21:21:45'),(1295,560,23,0.00,'USD',100,1,'2017-07-13 16:52:32','2017-08-02 21:21:45'),(1296,560,23,0.50,'USD',17,1,'2017-07-13 16:52:47','2017-08-02 21:21:45'),(1297,560,23,1.00,'USD',50,1,'2017-07-13 16:52:53','2017-08-02 21:21:45'),(1298,560,23,0.25,'USD',11,1,'2017-07-13 16:53:15','2017-08-02 21:21:45'),(1299,560,23,0.01,'USD',6,1,'2017-07-13 16:53:17','2017-08-02 21:21:45'),(1300,560,23,0.00,'USD',100,1,'2017-07-13 16:53:34','2017-08-02 21:21:45'),(1301,560,23,0.00,'USD',100,1,'2017-07-13 16:55:28','2017-08-02 21:21:45'),(1302,560,23,0.25,'USD',11,1,'2017-07-13 16:55:53','2017-08-02 21:21:45'),(1303,560,23,0.10,'USD',4,1,'2017-07-13 16:56:26','2017-08-02 21:21:45'),(1304,560,23,0.25,'USD',11,1,'2017-07-13 16:57:34','2017-08-02 21:21:45'),(1305,560,23,0.25,'USD',11,1,'2017-07-13 16:57:46','2017-08-02 21:21:45'),(1306,560,23,0.05,'USD',8,1,'2017-07-13 16:58:10','2017-08-02 21:21:45'),(1307,560,23,1.00,'USD',50,1,'2017-07-13 16:58:17','2017-08-02 21:21:45'),(1308,560,23,1.00,'USD',50,1,'2017-07-13 16:58:22','2017-08-02 21:21:45'),(1309,560,23,0.25,'USD',11,1,'2017-07-13 16:58:40','2017-08-02 21:21:45'),(1310,560,23,0.25,'USD',11,1,'2017-07-13 16:58:50','2017-08-02 21:21:45'),(1311,560,23,0.10,'USD',4,1,'2017-07-13 16:58:52','2017-08-02 21:21:45'),(1312,560,23,1.00,'USD',50,1,'2017-07-13 18:43:07','2017-08-02 21:21:45'),(1313,560,23,0.25,'USD',11,1,'2017-07-13 19:59:53','2017-08-02 21:21:45'),(1314,560,23,0.10,'USD',4,1,'2017-07-13 20:03:35','2017-08-02 21:21:45'),(1315,560,23,0.25,'USD',11,1,'2017-07-13 20:04:08','2017-08-02 21:21:45'),(1316,560,23,0.25,'USD',11,1,'2017-07-13 20:04:08','2017-08-02 21:21:45'),(1317,560,23,0.25,'USD',11,1,'2017-07-13 20:04:30','2017-08-02 21:21:45'),(1318,560,23,0.25,'USD',11,1,'2017-07-13 20:04:31','2017-08-02 21:21:45'),(1319,560,23,0.25,'USD',11,1,'2017-07-13 20:04:32','2017-08-02 21:21:45'),(1320,560,23,0.10,'USD',3,1,'2017-07-13 20:04:33','2017-08-02 21:21:45'),(1321,560,23,0.05,'USD',8,1,'2017-07-13 20:06:50','2017-08-02 21:21:45'),(1322,560,23,0.10,'USD',3,1,'2017-07-13 20:06:59','2017-08-02 21:21:45'),(1323,560,23,0.25,'USD',10,1,'2017-07-13 20:07:14','2017-08-02 21:21:45'),(1324,560,23,0.25,'USD',11,1,'2017-07-13 20:07:16','2017-08-02 21:21:45'),(1325,560,23,0.05,'USD',8,1,'2017-07-13 20:07:16','2017-08-02 21:21:45'),(1326,560,23,0.01,'USD',6,1,'2017-07-13 20:07:37','2017-08-02 21:21:45'),(1327,560,23,0.05,'USD',9,1,'2017-07-13 20:07:39','2017-08-02 21:21:45'),(1328,560,23,0.05,'USD',8,1,'2017-07-13 20:07:39','2017-08-02 21:21:45'),(1329,560,23,0.05,'USD',9,1,'2017-07-13 20:07:40','2017-08-02 21:21:45'),(1330,560,23,0.05,'USD',8,1,'2017-07-13 20:07:41','2017-08-02 21:21:45'),(1331,560,23,1.00,'USD',50,1,'2017-07-13 20:07:51','2017-08-02 21:21:45'),(1332,560,23,1.00,'USD',50,1,'2017-07-13 20:07:57','2017-08-02 21:21:45'),(1333,560,23,1.00,'USD',50,1,'2017-07-13 20:08:03','2017-08-02 21:21:45'),(1334,560,23,0.25,'USD',11,1,'2017-07-13 20:08:15','2017-08-02 21:21:45'),(1335,560,23,0.10,'USD',3,1,'2017-07-13 20:15:43','2017-08-02 21:21:45'),(1336,560,23,0.25,'USD',11,1,'2017-07-13 20:16:05','2017-08-02 21:21:45'),(1337,560,23,0.10,'USD',3,1,'2017-07-13 20:16:06','2017-08-02 21:21:45'),(1338,560,23,0.25,'USD',11,1,'2017-07-13 20:16:07','2017-08-02 21:21:45'),(1339,560,23,0.10,'USD',3,1,'2017-07-13 20:16:08','2017-08-02 21:21:45'),(1340,560,23,0.50,'USD',24,1,'2017-07-13 20:16:08','2017-08-02 21:21:45'),(1341,560,23,0.25,'USD',11,1,'2017-07-13 20:16:09','2017-08-02 21:21:45'),(1342,560,23,0.00,'USD',100,1,'2017-07-13 20:16:10','2017-08-02 21:21:45'),(1343,560,23,0.00,'USD',100,1,'2017-07-13 20:16:19','2017-08-02 21:21:45'),(1344,560,23,1.00,'USD',12,1,'2017-07-13 20:18:19','2017-08-02 21:21:45'),(1345,560,23,0.00,'USD',100,1,'2017-07-13 20:19:06','2017-08-02 21:21:45'),(1346,560,23,0.00,'USD',100,1,'2017-07-13 20:19:08','2017-08-02 21:21:45'),(1347,560,23,0.00,'USD',100,1,'2017-07-13 20:19:08','2017-08-02 21:21:45'),(1348,560,23,0.00,'USD',100,1,'2017-07-13 20:19:09','2017-08-02 21:21:45'),(1349,560,23,1.00,'USD',50,1,'2017-07-13 20:20:28','2017-08-02 21:21:45'),(1350,560,23,0.00,'USD',100,1,'2017-07-13 20:20:35','2017-08-02 21:21:45'),(1351,560,23,0.00,'USD',100,1,'2017-07-13 20:20:35','2017-08-02 21:21:45'),(1352,560,23,0.50,'USD',24,1,'2017-07-13 20:20:36','2017-08-02 21:21:45'),(1353,560,23,0.10,'USD',3,1,'2017-07-13 20:20:37','2017-08-02 21:21:45'),(1354,560,23,0.05,'USD',8,1,'2017-07-13 20:20:37','2017-08-02 21:21:45'),(1355,560,23,0.00,'USD',100,1,'2017-07-13 20:21:19','2017-08-02 21:21:45'),(1356,560,23,0.00,'USD',100,1,'2017-07-13 20:21:19','2017-08-02 21:21:45'),(1357,560,23,0.01,'USD',6,1,'2017-07-13 20:21:25','2017-08-02 21:21:45'),(1358,560,23,0.50,'USD',15,1,'2017-07-13 20:21:36','2017-08-02 21:21:45'),(1359,560,23,0.25,'USD',11,1,'2017-07-13 20:22:05','2017-08-02 21:21:45'),(1360,560,23,0.10,'USD',3,1,'2017-07-13 20:22:07','2017-08-02 21:21:45'),(1361,560,23,0.25,'USD',11,1,'2017-07-13 20:22:08','2017-08-02 21:21:45'),(1362,560,23,0.25,'USD',11,1,'2017-07-13 20:22:25','2017-08-02 21:21:45'),(1363,560,23,1.00,'USD',50,1,'2017-07-13 20:25:25','2017-08-02 21:21:45'),(1364,560,23,0.25,'USD',11,1,'2017-07-13 20:25:27','2017-08-02 21:21:45'),(1365,560,23,0.01,'USD',6,1,'2017-07-13 20:25:36','2017-08-02 21:21:45'),(1366,560,23,1.00,'USD',50,1,'2017-07-13 20:25:56','2017-08-02 21:21:45'),(1367,560,23,0.00,'USD',100,1,'2017-07-13 20:26:49','2017-08-02 21:21:45'),(1368,560,23,1.00,'USD',50,1,'2017-07-13 20:26:49','2017-08-02 21:21:45'),(1369,560,23,0.00,'USD',100,1,'2017-07-13 20:26:50','2017-08-02 21:21:45'),(1370,560,23,0.01,'USD',5,1,'2017-07-13 20:26:51','2017-08-02 21:21:45'),(1371,560,23,0.01,'USD',6,1,'2017-07-13 20:26:51','2017-08-02 21:21:45'),(1372,560,23,0.01,'USD',5,1,'2017-07-13 20:26:52','2017-08-02 21:21:45'),(1373,560,23,0.05,'USD',8,1,'2017-07-13 20:26:53','2017-08-02 21:21:45'),(1374,560,23,0.01,'USD',6,1,'2017-07-13 20:26:54','2017-08-02 21:21:45'),(1375,560,23,0.00,'USD',100,1,'2017-07-13 20:26:54','2017-08-02 21:21:45'),(1376,560,23,0.01,'USD',6,1,'2017-07-13 20:26:55','2017-08-02 21:21:45'),(1377,560,23,0.25,'USD',11,1,'2017-07-13 20:26:56','2017-08-02 21:21:45'),(1378,560,23,0.50,'USD',17,1,'2017-07-13 20:26:57','2017-08-02 21:21:45'),(1379,560,23,0.00,'USD',100,1,'2017-07-13 20:26:57','2017-08-02 21:21:45'),(1380,560,23,0.00,'USD',100,1,'2017-07-13 20:26:58','2017-08-02 21:21:45'),(1381,560,23,0.00,'USD',100,1,'2017-07-13 20:26:59','2017-08-02 21:21:45'),(1382,560,23,0.00,'USD',100,1,'2017-07-13 20:27:00','2017-08-02 21:21:45'),(1383,560,23,0.00,'USD',100,1,'2017-07-13 20:27:01','2017-08-02 21:21:45'),(1384,560,23,0.00,'USD',100,1,'2017-07-13 20:27:01','2017-08-02 21:21:45'),(1385,560,23,0.00,'USD',100,1,'2017-07-13 20:27:02','2017-08-02 21:21:45'),(1386,560,23,0.00,'USD',100,1,'2017-07-13 20:27:03','2017-08-02 21:21:45'),(1387,560,23,0.00,'USD',100,1,'2017-07-13 20:27:03','2017-08-02 21:21:45'),(1388,560,23,0.00,'USD',100,1,'2017-07-13 20:27:04','2017-08-02 21:21:45'),(1389,560,23,0.00,'USD',100,1,'2017-07-13 20:27:05','2017-08-02 21:21:45'),(1390,560,23,0.00,'USD',100,1,'2017-07-13 20:27:05','2017-08-02 21:21:45'),(1391,560,23,0.00,'USD',100,1,'2017-07-13 20:27:06','2017-08-02 21:21:45'),(1392,560,23,0.00,'USD',100,1,'2017-07-13 20:27:07','2017-08-02 21:21:45'),(1393,560,23,0.00,'USD',100,1,'2017-07-13 20:27:07','2017-08-02 21:21:45'),(1394,560,23,0.00,'USD',100,1,'2017-07-13 20:27:08','2017-08-02 21:21:45'),(1395,560,23,1.00,'USD',50,1,'2017-07-13 20:27:09','2017-08-02 21:21:45'),(1396,560,23,0.25,'USD',11,1,'2017-07-13 20:49:15','2017-08-02 21:21:45'),(1397,560,23,0.25,'USD',11,1,'2017-07-13 21:46:56','2017-08-02 21:21:45'),(1398,560,23,0.25,'USD',11,1,'2017-07-13 21:47:08','2017-08-02 21:21:45'),(1399,560,23,0.25,'USD',11,1,'2017-07-13 21:52:08','2017-08-02 21:21:45'),(1400,560,23,0.25,'USD',11,1,'2017-07-13 21:52:10','2017-08-02 21:21:45'),(1401,560,23,0.25,'USD',11,1,'2017-07-13 21:52:23','2017-08-02 21:21:45'),(1402,560,23,0.00,'USD',100,1,'2017-07-13 21:52:25','2017-08-02 21:21:45'),(1403,560,23,0.00,'USD',100,1,'2017-07-13 22:02:08','2017-08-02 21:21:45'),(1404,560,23,1.00,'USD',50,1,'2017-07-13 22:02:20','2017-08-02 21:21:45'),(1405,560,23,0.25,'USD',11,1,'2017-07-13 22:02:30','2017-08-02 21:21:45'),(1406,560,23,0.00,'USD',100,1,'2017-07-13 22:04:24','2017-08-02 21:21:45'),(1407,560,23,0.00,'USD',100,1,'2017-07-13 22:04:25','2017-08-02 21:21:45'),(1408,560,23,0.25,'USD',11,1,'2017-07-13 22:04:26','2017-08-02 21:21:45'),(1409,560,23,0.25,'USD',11,1,'2017-07-13 22:06:55','2017-08-02 21:21:45'),(1410,560,23,0.01,'USD',6,1,'2017-07-13 22:07:10','2017-08-02 21:21:45'),(1411,560,23,0.25,'USD',11,1,'2017-07-13 22:09:18','2017-08-02 21:21:45'),(1412,560,23,0.10,'USD',3,1,'2017-07-13 22:09:20','2017-08-02 21:21:45'),(1413,560,23,0.10,'USD',4,1,'2017-07-13 22:09:20','2017-08-02 21:21:45'),(1414,560,23,0.05,'USD',8,1,'2017-07-13 22:09:21','2017-08-02 21:21:45'),(1415,560,23,1.00,'USD',13,1,'2017-07-13 22:09:22','2017-08-02 21:21:45'),(1416,560,23,0.05,'USD',8,1,'2017-07-13 22:11:26','2017-08-02 21:21:45'),(1417,560,23,0.00,'USD',100,1,'2017-07-14 01:30:42','2017-08-02 21:21:45'),(1418,560,23,0.00,'USD',100,1,'2017-07-14 14:13:59','2017-08-02 21:21:45'),(1419,560,23,0.00,'USD',100,1,'2017-07-14 14:14:13','2017-08-02 21:21:45'),(1420,560,23,0.25,'USD',11,1,'2017-07-14 14:14:14','2017-08-02 21:21:45'),(1421,560,23,0.25,'USD',11,1,'2017-07-14 14:14:15','2017-08-02 21:21:45'),(1422,560,23,0.25,'USD',11,1,'2017-07-14 14:24:28','2017-08-02 21:21:45'),(1423,560,23,0.00,'USD',100,1,'2017-07-14 14:24:37','2017-08-02 21:21:45'),(1424,560,23,0.01,'USD',6,1,'2017-07-14 14:24:37','2017-08-02 21:21:45'),(1425,560,23,0.25,'USD',11,1,'2017-07-14 14:24:38','2017-08-02 21:21:45'),(1426,560,23,1.00,'USD',50,1,'2017-07-14 14:24:39','2017-08-02 21:21:45'),(1427,560,23,0.01,'USD',6,1,'2017-07-14 14:24:40','2017-08-02 21:21:45'),(1428,560,23,0.05,'USD',8,1,'2017-07-14 14:24:40','2017-08-02 21:21:45'),(1429,560,23,0.01,'USD',6,1,'2017-07-14 14:25:10','2017-08-02 21:21:45'),(1430,560,23,0.25,'USD',11,1,'2017-07-14 14:26:16','2017-08-02 21:21:45'),(1431,560,23,0.25,'USD',11,1,'2017-07-14 14:26:31','2017-08-02 21:21:45'),(1432,560,23,1.00,'USD',50,1,'2017-07-14 14:26:37','2017-08-02 21:21:45'),(1433,560,23,0.00,'USD',100,1,'2017-07-14 14:26:37','2017-08-02 21:21:45'),(1434,560,23,0.10,'USD',3,1,'2017-07-14 14:26:38','2017-08-02 21:21:45'),(1435,560,23,0.25,'USD',11,1,'2017-07-14 14:26:39','2017-08-02 21:21:45'),(1436,560,23,0.10,'USD',3,1,'2017-07-14 14:26:40','2017-08-02 21:21:45'),(1437,560,23,0.25,'USD',11,1,'2017-07-14 14:26:40','2017-08-02 21:21:45'),(1438,560,23,1.00,'USD',50,1,'2017-07-14 14:26:41','2017-08-02 21:21:45'),(1439,560,23,0.00,'USD',100,1,'2017-07-14 14:28:56','2017-08-02 21:21:45'),(1440,560,23,0.00,'USD',100,1,'2017-07-14 14:29:02','2017-08-02 21:21:45'),(1441,560,23,0.00,'USD',100,1,'2017-07-14 14:29:03','2017-08-02 21:21:45'),(1442,560,23,0.00,'USD',100,1,'2017-07-14 14:29:03','2017-08-02 21:21:45'),(1443,560,23,1.00,'USD',50,1,'2017-07-14 14:29:04','2017-08-02 21:21:45'),(1444,560,23,0.00,'USD',100,1,'2017-07-16 02:15:12','2017-08-02 21:21:45'),(1445,560,23,0.00,'USD',100,1,'2017-07-16 02:15:25','2017-08-02 21:21:45'),(1446,559,23,1.00,'USD',50,1,'2017-07-23 19:22:58','2017-07-23 19:42:52'),(1447,559,23,0.00,'USD',100,1,'2017-07-23 19:23:11','2017-07-23 19:42:52'),(1448,559,23,0.00,'USD',100,1,'2017-07-23 19:23:25','2017-07-23 19:42:52'),(1449,559,23,1.00,'USD',50,1,'2017-07-23 19:23:34','2017-07-23 19:42:52'),(1450,559,23,0.05,'USD',7,1,'2017-07-23 19:30:04','2017-07-23 19:42:52'),(1451,559,23,0.05,'USD',7,1,'2017-07-23 19:30:18','2017-07-23 19:42:52'),(1452,559,23,0.01,'USD',6,1,'2017-07-23 19:40:51','2017-07-23 19:42:52'),(1453,559,23,0.05,'USD',9,1,'2017-07-23 19:41:00','2017-07-23 19:42:52'),(1454,559,23,0.50,'USD',20,1,'2017-07-23 19:41:24','2017-07-23 19:42:52'),(1455,559,23,1.00,'USD',12,1,'2017-07-23 19:41:37','2017-07-23 19:42:52'),(1456,559,23,1.00,'USD',12,1,'2017-07-23 19:41:51','2017-07-23 19:42:52'),(1457,559,23,1.00,'USD',12,1,'2017-07-23 19:42:02','2017-07-23 19:42:52'),(1458,559,23,1.00,'USD',12,1,'2017-07-23 19:42:11','2017-07-23 19:42:52'),(1459,559,23,0.05,'USD',8,1,'2017-07-23 19:42:19','2017-07-23 19:42:52'),(1460,559,23,1.00,'USD',12,1,'2017-07-23 19:42:46','2017-07-23 19:42:52'),(1461,559,23,1.00,'USD',12,1,'2017-07-23 19:42:48','2017-07-23 19:42:52'),(1462,559,23,1.00,'USD',12,1,'2017-07-23 19:43:05','2017-08-14 05:43:36'),(1463,560,23,0.25,'USD',11,1,'2017-07-24 19:52:50','2017-08-02 21:21:45'),(1464,560,23,0.05,'USD',8,1,'2017-07-24 20:36:32','2017-08-02 21:21:45'),(1465,560,23,0.00,'USD',100,1,'2017-07-24 20:36:59','2017-08-02 21:21:45'),(1466,560,23,0.01,'USD',5,1,'2017-07-24 20:42:58','2017-08-02 21:21:45'),(1467,560,23,0.00,'USD',100,1,'2017-07-24 20:54:28','2017-08-02 21:21:45'),(1468,560,23,0.05,'USD',8,1,'2017-07-24 21:36:49','2017-08-02 21:21:45'),(1469,560,23,0.25,'USD',11,1,'2017-07-25 14:17:56','2017-08-02 21:21:45'),(1470,560,23,0.25,'USD',11,1,'2017-07-25 14:49:53','2017-08-02 21:21:45'),(1471,560,23,0.10,'USD',3,1,'2017-07-25 14:56:50','2017-08-02 21:21:45'),(1472,560,23,0.10,'USD',3,1,'2017-07-25 14:56:52','2017-08-02 21:21:45'),(1473,560,23,0.25,'USD',11,1,'2017-07-25 14:58:37','2017-08-02 21:21:45'),(1474,560,23,0.01,'USD',6,1,'2017-07-25 15:00:24','2017-08-02 21:21:45'),(1475,560,23,0.05,'USD',8,1,'2017-07-25 15:01:13','2017-08-02 21:21:45'),(1476,560,23,1.00,'USD',50,1,'2017-07-25 15:11:56','2017-08-02 21:21:45'),(1477,560,23,0.00,'USD',100,1,'2017-07-26 16:20:30','2017-08-02 21:21:45'),(1478,560,23,0.00,'USD',100,1,'2017-07-26 16:20:36','2017-08-02 21:21:45'),(1479,560,23,0.25,'USD',11,1,'2017-07-26 16:20:53','2017-08-02 21:21:45'),(1480,560,23,0.05,'USD',8,1,'2017-07-26 16:25:16','2017-08-02 21:21:45'),(1481,560,23,1.00,'USD',50,1,'2017-07-26 16:34:25','2017-08-02 21:21:45'),(1482,560,23,1.00,'USD',50,1,'2017-07-26 16:34:35','2017-08-02 21:21:45'),(1483,560,23,1.00,'USD',50,1,'2017-07-26 16:34:41','2017-08-02 21:21:45'),(1484,560,23,1.00,'USD',50,1,'2017-08-02 21:21:40','2017-08-02 21:21:45'),(1485,560,23,0.10,'USD',3,1,'2017-08-02 21:22:00','2017-10-31 16:11:04'),(1486,560,23,0.25,'USD',11,1,'2017-08-02 21:22:19','2017-10-31 16:11:04'),(1487,560,23,0.25,'USD',11,1,'2017-08-02 21:22:20','2017-10-31 16:11:04'),(1488,560,23,0.25,'USD',11,1,'2017-08-02 21:22:20','2017-10-31 16:11:04'),(1489,560,23,0.25,'USD',11,1,'2017-08-02 21:22:21','2017-10-31 16:11:04'),(1490,560,23,0.00,'USD',100,1,'2017-08-02 21:35:05','2017-10-31 16:11:04'),(1491,560,23,0.05,'USD',8,1,'2017-08-02 21:41:45','2017-10-31 16:11:04'),(1492,560,23,0.25,'USD',11,1,'2017-08-02 21:41:46','2017-10-31 16:11:04'),(1493,560,23,0.00,'USD',100,1,'2017-08-02 21:54:22','2017-10-31 16:11:04'),(1494,22,22,0.10,'USD',3,0,'2017-08-04 04:28:29','2017-08-04 04:28:29'),(1495,22,22,0.10,'USD',3,0,'2017-08-04 04:28:36','2017-08-04 04:28:36'),(1496,559,23,1.00,'USD',50,1,'2017-08-14 05:43:36','2017-08-14 05:43:36'),(1497,559,23,1.00,'USD',50,0,'2017-08-14 05:43:49','2017-08-14 05:43:49'),(1498,560,23,0.01,'USD',6,1,'2017-09-12 18:15:19','2017-10-31 16:11:04'),(1499,560,23,0.05,'USD',8,1,'2017-09-12 18:15:21','2017-10-31 16:11:04'),(1500,560,23,0.25,'USD',11,1,'2017-09-12 18:15:33','2017-10-31 16:11:04'),(1501,560,23,0.00,'USD',100,1,'2017-09-12 18:16:15','2017-10-31 16:11:04'),(1502,560,23,1.00,'USD',50,1,'2017-09-12 18:16:42','2017-10-31 16:11:04'),(1503,560,23,0.25,'USD',11,1,'2017-10-17 17:37:33','2017-10-31 16:11:04'),(1504,560,23,0.05,'USD',8,1,'2017-10-29 00:16:55','2017-10-31 16:11:04'),(1505,560,23,1.00,'USD',50,1,'2017-10-29 00:18:39','2017-10-31 16:11:04'),(1506,560,23,0.00,'USD',100,1,'2017-10-29 00:31:02','2017-10-31 16:11:04'),(1507,560,23,0.05,'USD',8,1,'2017-10-29 00:34:11','2017-10-31 16:11:04'),(1508,560,23,0.01,'USD',6,1,'2017-10-29 00:34:43','2017-10-31 16:11:04'),(1509,560,23,0.01,'USD',5,1,'2017-10-29 17:28:51','2017-10-31 16:11:04'),(1510,560,23,0.01,'USD',5,1,'2017-10-29 17:32:12','2017-10-31 16:11:04'),(1511,560,23,0.25,'USD',11,1,'2017-10-31 15:57:19','2017-10-31 16:11:04'),(1512,560,23,0.25,'USD',11,1,'2017-10-31 15:57:30','2017-10-31 16:11:04'),(1513,560,23,0.00,'USD',100,1,'2017-10-31 15:58:11','2017-10-31 16:11:04'),(1514,560,23,0.00,'USD',100,1,'2017-10-31 16:07:54','2017-10-31 16:11:04'),(1515,560,23,0.01,'USD',5,1,'2017-10-31 16:08:18','2017-10-31 16:11:04'),(1516,560,23,1.00,'USD',50,1,'2017-10-31 16:09:12','2017-10-31 16:11:04'),(1517,560,23,0.01,'USD',6,1,'2017-10-31 16:10:22','2017-10-31 16:11:04'),(1518,560,23,0.25,'USD',11,1,'2017-11-01 15:53:46','2017-11-13 18:22:25'),(1519,560,23,0.00,'USD',100,1,'2017-11-01 15:54:30','2017-11-13 18:22:25'),(1520,560,23,0.25,'USD',11,1,'2017-11-01 15:54:56','2017-11-13 18:22:25'),(1521,560,23,0.25,'USD',11,1,'2017-11-01 15:55:03','2017-11-13 18:22:25'),(1522,560,23,0.25,'USD',11,1,'2017-11-01 15:55:03','2017-11-13 18:22:25'),(1523,560,23,0.00,'USD',100,1,'2017-11-01 22:55:13','2017-11-13 18:22:25'),(1524,560,23,0.25,'USD',11,1,'2017-11-02 17:40:00','2017-11-13 18:22:25'),(1525,560,23,0.00,'USD',100,1,'2017-11-03 11:58:03','2017-11-13 18:22:25'),(1526,560,23,0.00,'USD',100,1,'2017-11-03 11:58:13','2017-11-13 18:22:25'),(1527,560,23,0.00,'USD',100,1,'2017-11-03 11:58:22','2017-11-13 18:22:25'),(1528,560,23,0.00,'USD',100,1,'2017-11-03 11:58:24','2017-11-13 18:22:25'),(1529,560,23,0.00,'USD',100,1,'2017-11-03 11:58:29','2017-11-13 18:22:25'),(1530,560,23,1.00,'USD',50,1,'2017-11-03 11:58:39','2017-11-13 18:22:25'),(1531,560,23,1.00,'USD',50,1,'2017-11-03 11:58:40','2017-11-13 18:22:25'),(1532,560,23,0.00,'USD',100,1,'2017-11-03 11:58:41','2017-11-13 18:22:25'),(1533,560,23,0.10,'USD',3,1,'2017-11-03 11:58:59','2017-11-13 18:22:25'),(1534,560,23,0.10,'USD',4,1,'2017-11-03 11:59:01','2017-11-13 18:22:25'),(1535,560,23,0.10,'USD',3,1,'2017-11-03 11:59:01','2017-11-13 18:22:25'),(1536,560,23,0.25,'USD',11,1,'2017-11-03 11:59:02','2017-11-13 18:22:25'),(1537,560,23,0.00,'USD',100,1,'2017-11-03 11:59:03','2017-11-13 18:22:25'),(1538,560,23,0.00,'USD',100,1,'2017-11-03 12:55:52','2017-11-13 18:22:25'),(1539,560,23,1.00,'USD',50,1,'2017-11-03 12:55:58','2017-11-13 18:22:25'),(1540,560,23,1.00,'USD',50,1,'2017-11-03 12:56:12','2017-11-13 18:22:25'),(1541,560,23,0.00,'USD',100,1,'2017-11-03 12:56:14','2017-11-13 18:22:25'),(1542,560,23,0.00,'USD',100,1,'2017-11-03 12:56:14','2017-11-13 18:22:25'),(1543,560,23,0.25,'USD',11,1,'2017-11-06 00:17:08','2017-11-13 18:22:25'),(1544,560,23,0.05,'USD',8,1,'2017-11-06 00:17:10','2017-11-13 18:22:25'),(1545,560,23,0.05,'USD',8,1,'2017-11-06 00:17:10','2017-11-13 18:22:25'),(1546,560,23,0.05,'USD',7,1,'2017-11-06 00:17:11','2017-11-13 18:22:25'),(1547,560,23,0.25,'USD',11,1,'2017-11-06 00:17:31','2017-11-13 18:22:25'),(1548,560,23,0.25,'USD',11,1,'2017-11-06 00:18:43','2017-11-13 18:22:25'),(1549,560,23,0.00,'USD',100,1,'2017-11-06 00:20:54','2017-11-13 18:22:25'),(1550,560,23,0.25,'USD',11,1,'2017-11-06 00:22:45','2017-11-13 18:22:25'),(1551,560,23,0.00,'USD',100,1,'2017-11-07 19:03:18','2017-11-13 18:22:25'),(1552,560,23,0.00,'USD',100,1,'2017-11-07 20:59:54','2017-11-13 18:22:25'),(1553,560,23,0.00,'USD',100,1,'2017-11-07 21:00:06','2017-11-13 18:22:25'),(1554,560,23,0.00,'USD',100,1,'2017-11-07 21:00:07','2017-11-13 18:22:25'),(1555,560,23,0.00,'USD',100,1,'2017-11-07 21:00:07','2017-11-13 18:22:25'),(1556,560,23,0.00,'USD',100,1,'2017-11-07 21:00:08','2017-11-13 18:22:25'),(1557,560,23,0.00,'USD',100,1,'2017-11-07 21:00:09','2017-11-13 18:22:25'),(1558,560,23,0.00,'USD',100,1,'2017-11-07 21:00:09','2017-11-13 18:22:25'),(1559,560,23,0.00,'USD',100,1,'2017-11-07 21:00:10','2017-11-13 18:22:25'),(1560,560,23,0.00,'USD',100,1,'2017-11-07 21:00:10','2017-11-13 18:22:25'),(1561,560,23,0.00,'USD',100,1,'2017-11-07 21:26:01','2017-11-13 18:22:25'),(1562,560,23,0.00,'USD',100,1,'2017-11-07 21:26:17','2017-11-13 18:22:25'),(1563,560,23,0.00,'USD',100,1,'2017-11-07 21:26:24','2017-11-13 18:22:25'),(1564,560,23,0.00,'USD',100,1,'2017-11-07 21:26:44','2017-11-13 18:22:25'),(1565,560,23,0.00,'USD',100,1,'2017-11-07 21:31:11','2017-11-13 18:22:25'),(1566,560,23,0.00,'USD',100,1,'2017-11-08 03:31:08','2017-11-13 18:22:25'),(1567,560,23,0.00,'USD',100,1,'2017-11-08 03:31:09','2017-11-13 18:22:25'),(1568,560,23,0.00,'USD',100,1,'2017-11-08 03:31:10','2017-11-13 18:22:25'),(1569,560,23,0.00,'USD',100,1,'2017-11-08 03:31:29','2017-11-13 18:22:25'),(1570,560,23,0.00,'USD',100,1,'2017-11-08 03:31:30','2017-11-13 18:22:25'),(1571,560,23,0.00,'USD',100,1,'2017-11-08 03:31:31','2017-11-13 18:22:25'),(1572,560,23,0.00,'USD',100,1,'2017-11-08 03:31:31','2017-11-13 18:22:25'),(1573,560,23,0.00,'USD',100,1,'2017-11-08 18:17:43','2017-11-13 18:22:25'),(1574,3,26,0.01,'USD',5,1,'2017-11-09 17:14:57','2017-12-21 15:49:33'),(1575,3,26,0.01,'USD',5,1,'2017-11-09 17:15:26','2017-12-21 15:49:33'),(1576,560,23,0.01,'USD',6,1,'2017-11-09 17:15:26','2017-11-13 18:22:25'),(1577,560,23,0.01,'USD',6,1,'2017-11-09 17:17:51','2017-11-13 18:22:25'),(1578,3,26,0.01,'USD',5,1,'2017-11-09 17:17:55','2017-12-21 15:49:33'),(1579,560,23,0.25,'USD',11,1,'2017-11-09 17:18:07','2017-11-13 18:22:25'),(1580,3,26,0.10,'USD',4,1,'2017-11-09 17:18:48','2017-12-21 15:49:33'),(1581,560,23,0.05,'USD',8,1,'2017-11-09 17:19:40','2017-11-13 18:22:25'),(1582,560,23,0.05,'USD',8,1,'2017-11-09 17:19:41','2017-11-13 18:22:25'),(1583,560,23,0.25,'USD',11,1,'2017-11-09 17:19:48','2017-11-13 18:22:25'),(1584,560,23,0.25,'USD',11,1,'2017-11-09 17:22:01','2017-11-13 18:22:25'),(1585,560,23,0.01,'USD',6,1,'2017-11-09 17:22:03','2017-11-13 18:22:25'),(1586,560,23,0.01,'USD',5,1,'2017-11-09 17:22:04','2017-11-13 18:22:25'),(1587,560,23,0.01,'USD',6,1,'2017-11-09 17:22:05','2017-11-13 18:22:25'),(1588,560,23,0.00,'USD',100,1,'2017-11-09 17:22:45','2017-11-13 18:22:25'),(1589,560,23,0.01,'USD',5,1,'2017-11-09 18:13:14','2017-11-13 18:22:25'),(1590,560,23,0.25,'USD',11,1,'2017-11-09 18:13:29','2017-11-13 18:22:25'),(1591,560,23,0.05,'USD',8,1,'2017-11-12 18:25:53','2017-11-13 18:22:25'),(1592,560,23,0.01,'USD',5,1,'2017-11-12 22:09:27','2017-11-13 18:22:25'),(1593,560,23,0.01,'USD',6,1,'2017-11-12 22:09:54','2017-11-13 18:22:25'),(1594,560,23,0.25,'USD',11,1,'2017-11-12 22:11:20','2017-11-13 18:22:25'),(1595,560,23,0.01,'USD',5,1,'2017-11-12 22:11:26','2017-11-13 18:22:25'),(1596,560,23,0.05,'USD',8,1,'2017-11-12 22:21:19','2017-11-13 18:22:25'),(1597,560,23,0.01,'USD',5,1,'2017-11-12 22:21:20','2017-11-13 18:22:25'),(1598,560,23,0.10,'USD',3,1,'2017-11-12 22:27:08','2017-11-13 18:22:25'),(1599,560,23,0.10,'USD',3,1,'2017-11-12 22:27:09','2017-11-13 18:22:25'),(1600,560,23,0.10,'USD',3,1,'2017-11-12 22:27:10','2017-11-13 18:22:25'),(1601,560,23,0.10,'USD',3,1,'2017-11-12 23:52:13','2017-11-13 18:22:25'),(1602,560,23,0.10,'USD',3,1,'2017-11-13 01:29:18','2017-11-13 18:22:25'),(1603,560,23,0.10,'USD',3,1,'2017-11-13 01:31:17','2017-11-13 18:22:25'),(1604,560,23,0.10,'USD',3,1,'2017-11-13 01:31:27','2017-11-13 18:22:25'),(1605,560,23,0.10,'USD',3,1,'2017-11-13 01:31:37','2017-11-13 18:22:25'),(1606,560,23,0.10,'USD',3,1,'2017-11-13 01:32:50','2017-11-13 18:22:25'),(1607,560,23,0.10,'USD',3,1,'2017-11-13 01:33:42','2017-11-13 18:22:25'),(1608,560,23,0.10,'USD',3,1,'2017-11-13 01:34:00','2017-11-13 18:22:25'),(1609,560,23,0.10,'USD',3,1,'2017-11-13 01:34:01','2017-11-13 18:22:25'),(1610,560,23,0.10,'USD',3,1,'2017-11-13 01:34:02','2017-11-13 18:22:25'),(1611,560,23,0.10,'USD',3,1,'2017-11-13 01:34:03','2017-11-13 18:22:25'),(1612,560,23,0.10,'USD',3,1,'2017-11-13 01:34:03','2017-11-13 18:22:25'),(1613,560,23,0.10,'USD',3,1,'2017-11-13 01:34:04','2017-11-13 18:22:25'),(1614,560,23,0.10,'USD',3,1,'2017-11-13 03:01:19','2017-11-13 18:22:25'),(1615,560,23,0.01,'USD',6,1,'2017-11-13 16:48:01','2017-11-13 18:22:25'),(1616,560,23,0.01,'USD',6,1,'2017-11-13 16:49:00','2017-11-13 18:22:25'),(1617,560,23,0.01,'USD',6,1,'2017-11-13 16:49:16','2017-11-13 18:22:25'),(1618,560,23,0.01,'USD',6,1,'2017-11-13 16:49:24','2017-11-13 18:22:25'),(1619,560,23,0.00,'USD',100,1,'2017-11-13 17:05:19','2017-11-13 18:22:25'),(1620,560,23,0.00,'USD',100,1,'2017-11-13 17:05:33','2017-11-13 18:22:25'),(1621,560,23,0.00,'USD',100,1,'2017-11-13 17:05:34','2017-11-13 18:22:25'),(1622,560,23,0.00,'USD',100,1,'2017-11-13 17:06:32','2017-11-13 18:22:25'),(1623,560,23,0.00,'USD',100,1,'2017-11-13 17:06:43','2017-11-13 18:22:25'),(1624,560,23,1.00,'USD',50,1,'2017-11-13 18:22:25','2017-11-13 18:22:25'),(1625,560,23,0.01,'USD',6,1,'2017-11-13 18:23:46','2017-12-05 18:56:03'),(1626,560,23,0.00,'USD',100,1,'2017-11-15 00:37:47','2017-12-05 18:56:03'),(1627,560,23,0.00,'USD',100,1,'2017-11-15 00:37:56','2017-12-05 18:56:03'),(1628,560,23,1.00,'USD',50,1,'2017-11-15 00:38:07','2017-12-05 18:56:03'),(1629,560,23,1.00,'USD',50,1,'2017-11-15 00:38:14','2017-12-05 18:56:03'),(1630,560,23,1.00,'USD',50,1,'2017-11-15 00:38:21','2017-12-05 18:56:03'),(1631,560,23,1.00,'USD',50,1,'2017-11-15 00:38:28','2017-12-05 18:56:03'),(1632,560,23,1.00,'USD',50,1,'2017-11-15 00:38:34','2017-12-05 18:56:03'),(1633,560,23,1.00,'USD',50,1,'2017-11-15 00:38:42','2017-12-05 18:56:03'),(1634,560,23,1.00,'USD',50,1,'2017-11-15 00:38:49','2017-12-05 18:56:03'),(1635,560,23,1.00,'USD',50,1,'2017-11-15 00:38:56','2017-12-05 18:56:03'),(1636,560,23,1.00,'USD',50,1,'2017-11-15 00:39:04','2017-12-05 18:56:03'),(1637,560,23,0.50,'USD',224,1,'2017-11-15 16:28:10','2017-12-05 18:56:03'),(1638,560,23,0.01,'USD',5,1,'2017-11-16 01:27:47','2017-12-05 18:56:03'),(1639,560,23,0.00,'USD',100,1,'2017-11-16 01:32:56','2017-12-05 18:56:03'),(1640,560,23,0.00,'USD',100,1,'2017-11-16 01:32:58','2017-12-05 18:56:03'),(1641,560,23,1.00,'USD',50,1,'2017-11-16 01:40:05','2017-12-05 18:56:03'),(1642,560,23,0.00,'USD',100,1,'2017-11-16 01:41:28','2017-12-05 18:56:03'),(1643,18,18,1.00,'USD',50,0,'2017-11-16 16:44:31','2017-11-16 16:44:31'),(1644,18,18,1.00,'USD',50,0,'2017-11-16 16:48:20','2017-11-16 16:48:20'),(1645,18,18,1.00,'USD',50,0,'2017-11-16 16:58:39','2017-11-16 16:58:39'),(1646,19,19,1.00,'USD',50,0,'2017-11-16 16:58:52','2017-11-16 16:58:52'),(1647,19,19,1.00,'USD',50,0,'2017-11-16 18:55:29','2017-11-16 18:55:29'),(1648,560,23,0.25,'USD',11,1,'2017-12-05 00:52:35','2017-12-05 18:56:03'),(1649,560,23,0.10,'USD',4,1,'2017-12-05 01:25:34','2017-12-05 18:56:03'),(1650,560,23,0.25,'USD',11,1,'2017-12-05 18:55:19','2017-12-05 18:56:03'),(1651,560,23,0.00,'USD',100,1,'2017-12-05 23:05:28','2018-01-15 01:25:49'),(1652,560,23,0.00,'USD',100,1,'2017-12-05 23:05:36','2018-01-15 01:25:49'),(1653,560,23,0.25,'USD',11,1,'2017-12-05 23:05:36','2018-01-15 01:25:49'),(1654,560,23,0.00,'USD',100,1,'2017-12-05 23:05:37','2018-01-15 01:25:49'),(1655,560,23,0.00,'USD',100,1,'2017-12-05 23:05:38','2018-01-15 01:25:49'),(1656,560,23,0.00,'USD',100,1,'2017-12-05 23:05:38','2018-01-15 01:25:49'),(1657,560,23,1.00,'USD',50,1,'2017-12-05 23:05:39','2018-01-15 01:25:49'),(1658,560,23,0.00,'USD',100,1,'2017-12-06 00:35:28','2018-01-15 01:25:49'),(1659,560,23,1.00,'USD',50,1,'2017-12-07 01:51:33','2018-01-15 01:25:49'),(1660,560,23,0.00,'USD',100,1,'2017-12-07 01:51:41','2018-01-15 01:25:49'),(1661,560,23,0.00,'USD',100,1,'2017-12-07 01:51:41','2018-01-15 01:25:49'),(1662,560,23,0.00,'USD',100,1,'2017-12-07 01:51:42','2018-01-15 01:25:49'),(1663,560,23,0.00,'USD',100,1,'2017-12-07 01:51:43','2018-01-15 01:25:49'),(1664,560,23,1.00,'USD',50,1,'2017-12-07 01:51:43','2018-01-15 01:25:49'),(1665,560,23,0.25,'USD',11,1,'2017-12-10 06:27:31','2018-01-15 01:25:49'),(1666,560,23,0.50,'USD',194,1,'2017-12-10 17:33:06','2018-01-15 01:25:49'),(1667,560,23,0.01,'USD',6,1,'2017-12-11 16:07:36','2018-01-15 01:25:49'),(1668,3,26,0.01,'USD',5,1,'2017-12-11 17:02:12','2017-12-21 15:49:33'),(1669,558,16,1.00,'USD',12,1,'2017-12-13 03:00:11','2017-12-13 03:00:25'),(1670,558,16,1.00,'USD',12,1,'2017-12-13 03:00:15','2017-12-13 03:00:25'),(1671,558,16,1.00,'USD',12,1,'2017-12-13 03:00:17','2017-12-13 03:00:25'),(1672,3,26,0.10,'USD',4,1,'2017-12-19 07:33:42','2017-12-21 15:49:33'),(1673,3,26,0.25,'USD',10,1,'2017-12-21 15:50:00','2018-01-02 23:26:34'),(1674,3,26,0.05,'USD',7,1,'2017-12-21 15:50:16','2018-01-02 23:26:34'),(1675,560,23,0.25,'USD',11,1,'2017-12-21 15:50:36','2018-01-15 01:25:49'),(1676,560,23,0.25,'USD',11,1,'2017-12-21 15:51:33','2018-01-15 01:25:49'),(1677,558,16,0.50,'USD',127,1,'2017-12-21 15:54:28','2017-12-28 01:54:34'),(1678,558,16,0.50,'USD',255,1,'2017-12-21 16:16:17','2017-12-28 01:54:34'),(1679,560,23,0.01,'USD',6,1,'2017-12-21 16:16:46','2018-01-15 01:25:49'),(1680,560,23,0.01,'USD',6,1,'2017-12-21 17:42:46','2018-01-15 01:25:49'),(1681,558,16,0.50,'USD',255,1,'2017-12-21 17:43:37','2017-12-28 01:54:34'),(1682,558,16,0.00,'USD',100,1,'2017-12-21 17:44:10','2017-12-28 01:54:34'),(1683,558,16,0.00,'USD',100,1,'2017-12-21 17:44:11','2017-12-28 01:54:34'),(1684,558,16,0.00,'USD',100,1,'2017-12-21 17:44:11','2017-12-28 01:54:34'),(1685,558,16,0.50,'USD',255,1,'2017-12-21 17:44:54','2017-12-28 01:54:34'),(1686,560,23,0.25,'USD',11,1,'2017-12-21 18:45:51','2018-01-15 01:25:49'),(1687,560,23,0.25,'USD',11,1,'2017-12-21 18:48:19','2018-01-15 01:25:49'),(1688,558,16,0.50,'USD',224,1,'2017-12-21 18:48:35','2017-12-28 01:54:34'),(1689,558,16,0.10,'USD',3,1,'2017-12-21 18:48:45','2017-12-28 01:54:34'),(1690,560,23,0.25,'USD',11,1,'2017-12-21 18:49:59','2018-01-15 01:25:49'),(1691,558,16,1.00,'USD',50,1,'2017-12-21 18:51:50','2017-12-28 01:54:34'),(1692,558,16,0.00,'USD',100,1,'2017-12-21 18:51:56','2017-12-28 01:54:34'),(1693,558,16,0.50,'USD',192,1,'2017-12-21 18:52:18','2017-12-28 01:54:34'),(1694,558,16,0.50,'USD',255,1,'2017-12-21 18:52:22','2017-12-28 01:54:34'),(1695,560,23,0.25,'USD',11,1,'2017-12-21 19:38:36','2018-01-15 01:25:49'),(1696,560,23,0.05,'USD',8,1,'2017-12-21 19:48:16','2018-01-15 01:25:49'),(1697,560,23,0.25,'USD',11,1,'2017-12-22 16:15:52','2018-01-15 01:25:49'),(1698,558,16,0.10,'USD',0,1,'2017-12-25 23:10:41','2017-12-28 01:54:34'),(1699,560,23,0.01,'USD',6,1,'2017-12-25 23:11:46','2018-01-15 01:25:49'),(1700,560,23,0.10,'USD',4,1,'2017-12-25 23:12:17','2018-01-15 01:25:49'),(1701,560,23,0.25,'USD',11,1,'2017-12-25 23:12:55','2018-01-15 01:25:49'),(1702,560,23,0.05,'USD',8,1,'2017-12-25 23:13:02','2018-01-15 01:25:49'),(1703,560,23,0.01,'USD',5,1,'2017-12-25 23:13:03','2018-01-15 01:25:49'),(1704,560,23,0.10,'USD',4,1,'2017-12-26 02:21:55','2018-01-15 01:25:49'),(1705,560,23,0.10,'USD',4,1,'2017-12-26 02:21:56','2018-01-15 01:25:49'),(1706,560,23,0.10,'USD',4,1,'2017-12-26 02:22:12','2018-01-15 01:25:49'),(1707,3,26,0.25,'USD',10,1,'2017-12-27 02:57:00','2018-01-02 23:26:34'),(1708,560,23,0.00,'USD',100,1,'2017-12-28 01:10:06','2018-01-15 01:25:49'),(1709,560,23,0.00,'USD',100,1,'2017-12-28 01:10:15','2018-01-15 01:25:49'),(1710,560,23,0.10,'USD',2,1,'2017-12-28 01:10:42','2018-01-15 01:25:49'),(1711,560,23,0.10,'USD',2,1,'2017-12-28 01:10:44','2018-01-15 01:25:49'),(1712,560,23,0.01,'USD',5,1,'2017-12-28 01:10:56','2018-01-15 01:25:49'),(1713,560,23,0.10,'USD',3,1,'2017-12-28 01:11:20','2018-01-15 01:25:49'),(1714,560,23,0.01,'USD',5,1,'2017-12-28 01:12:01','2018-01-15 01:25:49'),(1715,560,23,1.00,'USD',50,1,'2017-12-28 01:51:27','2018-01-15 01:25:49'),(1716,560,23,0.25,'USD',11,1,'2017-12-28 01:53:14','2018-01-15 01:25:49'),(1717,560,23,0.25,'USD',11,1,'2017-12-28 02:56:02','2018-01-15 01:25:49'),(1718,558,16,1.00,'USD',50,0,'2017-12-28 03:03:20','2017-12-28 03:03:20'),(1719,558,16,1.00,'USD',50,0,'2017-12-28 03:03:40','2017-12-28 03:03:40'),(1720,3,26,0.01,'USD',5,1,'2017-12-29 18:47:57','2018-01-02 23:26:34'),(1721,3,26,0.10,'USD',4,1,'2017-12-29 18:48:07','2018-01-02 23:26:34'),(1722,560,23,0.25,'USD',11,1,'2017-12-29 18:49:08','2018-01-15 01:25:49'),(1723,558,16,0.00,'USD',100,0,'2017-12-29 18:50:52','2017-12-29 18:50:52'),(1724,3,26,0.10,'USD',4,1,'2017-12-29 18:52:33','2018-01-02 23:26:34'),(1725,558,16,0.00,'USD',100,0,'2017-12-29 18:53:11','2017-12-29 18:53:11'),(1726,558,16,0.00,'USD',100,0,'2017-12-29 18:53:12','2017-12-29 18:53:12'),(1727,558,16,0.10,'USD',0,0,'2018-01-01 04:06:46','2018-01-01 04:06:46'),(1728,558,16,0.10,'USD',0,0,'2018-01-01 04:06:47','2018-01-01 04:06:47'),(1729,558,16,0.10,'USD',0,0,'2018-01-01 04:06:51','2018-01-01 04:06:51'),(1730,558,16,0.10,'USD',0,0,'2018-01-01 04:06:51','2018-01-01 04:06:51'),(1731,558,16,0.10,'USD',0,0,'2018-01-01 04:06:52','2018-01-01 04:06:52'),(1732,558,16,0.10,'USD',0,0,'2018-01-01 04:06:53','2018-01-01 04:06:53'),(1733,558,16,0.10,'USD',0,0,'2018-01-01 04:06:53','2018-01-01 04:06:53'),(1734,558,16,0.10,'USD',0,0,'2018-01-01 04:06:54','2018-01-01 04:06:54'),(1735,558,16,0.10,'USD',0,0,'2018-01-01 04:06:55','2018-01-01 04:06:55'),(1736,558,16,0.10,'USD',0,0,'2018-01-01 04:06:56','2018-01-01 04:06:56'),(1737,558,16,0.10,'USD',0,0,'2018-01-01 04:06:56','2018-01-01 04:06:56'),(1738,558,16,0.10,'USD',0,0,'2018-01-01 04:06:57','2018-01-01 04:06:57'),(1739,558,16,0.10,'USD',0,0,'2018-01-01 04:06:58','2018-01-01 04:06:58'),(1740,558,16,0.10,'USD',0,0,'2018-01-01 04:06:59','2018-01-01 04:06:59'),(1741,558,16,0.10,'USD',0,0,'2018-01-01 04:06:59','2018-01-01 04:06:59'),(1742,558,16,0.10,'USD',0,0,'2018-01-01 04:07:00','2018-01-01 04:07:00'),(1743,558,16,0.10,'USD',0,0,'2018-01-01 04:07:01','2018-01-01 04:07:01'),(1744,558,16,0.10,'USD',0,0,'2018-01-01 04:07:02','2018-01-01 04:07:02'),(1745,558,16,0.10,'USD',0,0,'2018-01-01 04:07:03','2018-01-01 04:07:03'),(1746,558,16,0.10,'USD',0,0,'2018-01-01 04:14:38','2018-01-01 04:14:38'),(1747,558,16,0.10,'USD',0,0,'2018-01-01 04:14:40','2018-01-01 04:14:40'),(1748,558,16,0.10,'USD',0,0,'2018-01-01 04:14:41','2018-01-01 04:14:41'),(1749,558,16,0.10,'USD',0,0,'2018-01-01 04:14:41','2018-01-01 04:14:41'),(1750,558,16,0.10,'USD',0,0,'2018-01-01 04:14:42','2018-01-01 04:14:42'),(1751,558,16,0.10,'USD',0,0,'2018-01-01 04:14:43','2018-01-01 04:14:43'),(1752,558,16,0.10,'USD',0,0,'2018-01-01 04:14:44','2018-01-01 04:14:44'),(1753,558,16,0.10,'USD',0,0,'2018-01-01 04:14:45','2018-01-01 04:14:45'),(1754,3,26,0.01,'USD',5,1,'2018-01-01 04:17:04','2018-01-02 23:26:34'),(1755,558,16,0.10,'USD',0,0,'2018-01-01 04:21:10','2018-01-01 04:21:10'),(1756,558,16,0.10,'USD',0,0,'2018-01-01 04:21:11','2018-01-01 04:21:11'),(1757,558,16,0.10,'USD',0,0,'2018-01-01 04:21:12','2018-01-01 04:21:12'),(1758,558,16,0.10,'USD',0,0,'2018-01-01 04:21:13','2018-01-01 04:21:13'),(1759,558,16,0.10,'USD',0,0,'2018-01-01 04:21:14','2018-01-01 04:21:14'),(1760,558,16,0.10,'USD',0,0,'2018-01-01 04:21:14','2018-01-01 04:21:14'),(1761,558,16,0.10,'USD',0,0,'2018-01-01 04:21:15','2018-01-01 04:21:15'),(1762,558,16,0.10,'USD',0,0,'2018-01-01 04:21:16','2018-01-01 04:21:16'),(1763,558,16,0.10,'USD',0,0,'2018-01-01 04:21:17','2018-01-01 04:21:17'),(1764,558,16,0.10,'USD',0,0,'2018-01-01 04:21:17','2018-01-01 04:21:17'),(1765,558,16,0.10,'USD',0,0,'2018-01-01 04:21:18','2018-01-01 04:21:18'),(1766,558,16,0.10,'USD',0,0,'2018-01-01 04:21:19','2018-01-01 04:21:19'),(1767,558,16,0.10,'USD',0,0,'2018-01-01 04:21:20','2018-01-01 04:21:20'),(1768,558,16,0.10,'USD',0,0,'2018-01-01 04:21:20','2018-01-01 04:21:20'),(1769,558,16,0.10,'USD',0,0,'2018-01-01 04:21:21','2018-01-01 04:21:21'),(1770,558,16,0.10,'USD',0,0,'2018-01-01 04:21:23','2018-01-01 04:21:23'),(1771,558,16,0.10,'USD',0,0,'2018-01-01 04:21:23','2018-01-01 04:21:23'),(1772,558,16,0.10,'USD',0,0,'2018-01-01 04:21:24','2018-01-01 04:21:24'),(1773,558,16,0.10,'USD',0,0,'2018-01-01 04:21:25','2018-01-01 04:21:25'),(1774,558,16,0.10,'USD',0,0,'2018-01-01 04:21:26','2018-01-01 04:21:26'),(1775,558,16,0.10,'USD',0,0,'2018-01-01 04:21:26','2018-01-01 04:21:26'),(1776,558,16,0.10,'USD',0,0,'2018-01-01 04:21:27','2018-01-01 04:21:27'),(1777,558,16,1.00,'USD',50,0,'2018-01-01 21:47:09','2018-01-01 21:47:09'),(1778,558,16,0.10,'USD',0,0,'2018-01-01 21:47:19','2018-01-01 21:47:19'),(1779,558,16,0.10,'USD',0,0,'2018-01-01 21:47:20','2018-01-01 21:47:20'),(1780,558,16,0.10,'USD',0,0,'2018-01-01 21:47:20','2018-01-01 21:47:20'),(1781,558,16,0.10,'USD',0,0,'2018-01-01 21:47:21','2018-01-01 21:47:21'),(1782,558,16,0.10,'USD',0,0,'2018-01-01 21:47:22','2018-01-01 21:47:22'),(1783,560,23,1.00,'USD',50,1,'2018-01-01 21:49:35','2018-01-15 01:25:49'),(1784,560,23,1.00,'USD',50,1,'2018-01-01 21:50:53','2018-01-15 01:25:49'),(1785,560,23,1.00,'USD',50,1,'2018-01-02 17:48:54','2018-01-15 01:25:49'),(1786,560,23,1.00,'USD',50,1,'2018-01-02 17:49:02','2018-01-15 01:25:49'),(1787,560,23,0.00,'USD',100,1,'2018-01-02 19:38:55','2018-01-15 01:25:49'),(1788,560,23,1.00,'USD',50,1,'2018-01-02 23:26:24','2018-01-15 01:25:49'),(1789,3,26,0.01,'USD',5,0,'2018-01-02 23:26:42','2018-01-02 23:26:42'),(1790,558,16,1.00,'USD',50,0,'2018-01-02 23:26:52','2018-01-02 23:26:52'),(1791,558,16,0.10,'USD',0,0,'2018-01-02 23:31:12','2018-01-02 23:31:12'),(1792,558,16,0.10,'USD',0,0,'2018-01-02 23:31:13','2018-01-02 23:31:13'),(1793,558,16,0.10,'USD',0,0,'2018-01-02 23:31:13','2018-01-02 23:31:13'),(1794,558,16,0.10,'USD',0,0,'2018-01-02 23:31:14','2018-01-02 23:31:14'),(1795,558,16,0.10,'USD',0,0,'2018-01-02 23:31:22','2018-01-02 23:31:22'),(1796,558,16,0.10,'USD',0,0,'2018-01-02 23:31:32','2018-01-02 23:31:32'),(1797,558,16,0.10,'USD',0,0,'2018-01-02 23:31:34','2018-01-02 23:31:34'),(1798,558,16,0.10,'USD',0,0,'2018-01-02 23:31:35','2018-01-02 23:31:35'),(1799,558,16,0.10,'USD',0,0,'2018-01-02 23:31:55','2018-01-02 23:31:55'),(1800,558,16,0.10,'USD',0,0,'2018-01-02 23:31:56','2018-01-02 23:31:56'),(1801,558,16,0.10,'USD',0,0,'2018-01-02 23:31:57','2018-01-02 23:31:57'),(1802,558,16,0.10,'USD',0,0,'2018-01-02 23:31:58','2018-01-02 23:31:58'),(1803,558,16,0.10,'USD',0,0,'2018-01-02 23:31:59','2018-01-02 23:31:59'),(1804,558,16,0.10,'USD',0,0,'2018-01-02 23:31:59','2018-01-02 23:31:59'),(1805,558,16,0.10,'USD',0,0,'2018-01-02 23:32:00','2018-01-02 23:32:00'),(1806,558,16,0.10,'USD',0,0,'2018-01-02 23:32:01','2018-01-02 23:32:01'),(1807,558,16,0.10,'USD',0,0,'2018-01-02 23:32:02','2018-01-02 23:32:02'),(1808,558,16,0.10,'USD',0,0,'2018-01-02 23:32:02','2018-01-02 23:32:02'),(1809,558,16,0.10,'USD',0,0,'2018-01-02 23:32:03','2018-01-02 23:32:03'),(1810,558,16,0.10,'USD',0,0,'2018-01-02 23:32:04','2018-01-02 23:32:04'),(1811,558,16,0.10,'USD',0,0,'2018-01-02 23:32:05','2018-01-02 23:32:05'),(1812,558,16,0.10,'USD',0,0,'2018-01-02 23:32:06','2018-01-02 23:32:06'),(1813,558,16,0.10,'USD',0,0,'2018-01-02 23:32:07','2018-01-02 23:32:07'),(1814,558,16,0.10,'USD',0,0,'2018-01-02 23:32:08','2018-01-02 23:32:08'),(1815,558,16,0.10,'USD',0,0,'2018-01-02 23:32:09','2018-01-02 23:32:09'),(1816,558,16,0.10,'USD',0,0,'2018-01-02 23:32:10','2018-01-02 23:32:10'),(1817,558,16,0.10,'USD',0,0,'2018-01-02 23:32:10','2018-01-02 23:32:10'),(1818,558,16,0.10,'USD',0,0,'2018-01-02 23:32:11','2018-01-02 23:32:11'),(1819,558,16,0.10,'USD',0,0,'2018-01-02 23:32:12','2018-01-02 23:32:12'),(1820,558,16,0.10,'USD',0,0,'2018-01-02 23:32:13','2018-01-02 23:32:13'),(1821,558,16,0.10,'USD',0,0,'2018-01-02 23:32:13','2018-01-02 23:32:13'),(1822,558,16,0.10,'USD',0,0,'2018-01-02 23:32:14','2018-01-02 23:32:14'),(1823,558,16,0.10,'USD',0,0,'2018-01-02 23:32:15','2018-01-02 23:32:15'),(1824,558,16,0.10,'USD',0,0,'2018-01-02 23:32:16','2018-01-02 23:32:16'),(1825,558,16,0.10,'USD',0,0,'2018-01-02 23:32:16','2018-01-02 23:32:16'),(1826,558,16,0.10,'USD',0,0,'2018-01-02 23:32:17','2018-01-02 23:32:17'),(1827,558,16,0.10,'USD',0,0,'2018-01-02 23:32:18','2018-01-02 23:32:18'),(1828,558,16,0.10,'USD',0,0,'2018-01-02 23:32:20','2018-01-02 23:32:20'),(1829,558,16,0.10,'USD',0,0,'2018-01-02 23:32:20','2018-01-02 23:32:20'),(1830,558,16,0.10,'USD',0,0,'2018-01-02 23:32:21','2018-01-02 23:32:21'),(1831,558,16,0.10,'USD',0,0,'2018-01-02 23:32:22','2018-01-02 23:32:22'),(1832,558,16,0.10,'USD',0,0,'2018-01-02 23:32:23','2018-01-02 23:32:23'),(1833,558,16,0.10,'USD',0,0,'2018-01-02 23:32:24','2018-01-02 23:32:24'),(1834,558,16,0.10,'USD',0,0,'2018-01-02 23:32:25','2018-01-02 23:32:25'),(1835,558,16,0.10,'USD',0,0,'2018-01-02 23:32:25','2018-01-02 23:32:25'),(1836,558,16,0.10,'USD',0,0,'2018-01-02 23:32:26','2018-01-02 23:32:26'),(1837,558,16,0.10,'USD',0,0,'2018-01-02 23:32:27','2018-01-02 23:32:27'),(1838,558,16,0.10,'USD',0,0,'2018-01-02 23:32:28','2018-01-02 23:32:28'),(1839,558,16,0.10,'USD',0,0,'2018-01-02 23:32:28','2018-01-02 23:32:28'),(1840,558,16,0.10,'USD',0,0,'2018-01-02 23:32:29','2018-01-02 23:32:29'),(1841,558,16,0.10,'USD',0,0,'2018-01-02 23:32:31','2018-01-02 23:32:31'),(1842,558,16,0.10,'USD',0,0,'2018-01-02 23:32:32','2018-01-02 23:32:32'),(1843,558,16,0.10,'USD',0,0,'2018-01-02 23:32:32','2018-01-02 23:32:32'),(1844,558,16,0.10,'USD',0,0,'2018-01-02 23:32:33','2018-01-02 23:32:33'),(1845,558,16,0.10,'USD',0,0,'2018-01-02 23:33:02','2018-01-02 23:33:02'),(1846,558,16,0.10,'USD',0,0,'2018-01-02 23:33:03','2018-01-02 23:33:03'),(1847,558,16,0.10,'USD',0,0,'2018-01-02 23:33:04','2018-01-02 23:33:04'),(1848,558,16,0.10,'USD',0,0,'2018-01-02 23:33:04','2018-01-02 23:33:04'),(1849,558,16,0.10,'USD',0,0,'2018-01-02 23:33:06','2018-01-02 23:33:06'),(1850,558,16,0.10,'USD',0,0,'2018-01-02 23:33:07','2018-01-02 23:33:07'),(1851,558,16,0.10,'USD',0,0,'2018-01-02 23:33:07','2018-01-02 23:33:07'),(1852,558,16,0.10,'USD',0,0,'2018-01-02 23:33:08','2018-01-02 23:33:08'),(1853,558,16,0.10,'USD',0,0,'2018-01-02 23:33:09','2018-01-02 23:33:09'),(1854,558,16,0.50,'USD',63,0,'2018-01-02 23:33:52','2018-01-02 23:33:52'),(1855,558,16,0.50,'USD',255,0,'2018-01-02 23:33:52','2018-01-02 23:33:52'),(1856,558,16,0.50,'USD',255,0,'2018-01-02 23:33:53','2018-01-02 23:33:53'),(1857,558,16,0.50,'USD',223,0,'2018-01-02 23:33:54','2018-01-02 23:33:54'),(1858,558,16,0.50,'USD',255,0,'2018-01-02 23:33:55','2018-01-02 23:33:55'),(1859,558,16,0.50,'USD',255,0,'2018-01-02 23:33:55','2018-01-02 23:33:55'),(1860,558,16,0.50,'USD',255,0,'2018-01-02 23:33:56','2018-01-02 23:33:56'),(1861,558,16,0.10,'USD',0,0,'2018-01-02 23:33:57','2018-01-02 23:33:57'),(1862,558,16,0.10,'USD',0,0,'2018-01-02 23:33:58','2018-01-02 23:33:58'),(1863,558,16,0.10,'USD',0,0,'2018-01-02 23:33:59','2018-01-02 23:33:59'),(1864,558,16,0.50,'USD',63,0,'2018-01-02 23:34:00','2018-01-02 23:34:00'),(1865,558,16,0.50,'USD',247,0,'2018-01-02 23:34:00','2018-01-02 23:34:00'),(1866,558,16,0.50,'USD',191,0,'2018-01-02 23:34:01','2018-01-02 23:34:01'),(1867,558,16,0.50,'USD',255,0,'2018-01-02 23:34:03','2018-01-02 23:34:03'),(1868,558,16,0.50,'USD',255,0,'2018-01-02 23:34:04','2018-01-02 23:34:04'),(1869,558,16,0.10,'USD',0,0,'2018-01-02 23:34:04','2018-01-02 23:34:04'),(1870,558,16,0.10,'USD',0,0,'2018-01-02 23:34:05','2018-01-02 23:34:05'),(1871,558,16,0.10,'USD',0,0,'2018-01-02 23:34:06','2018-01-02 23:34:06'),(1872,558,16,0.10,'USD',0,0,'2018-01-02 23:34:07','2018-01-02 23:34:07'),(1873,558,16,0.10,'USD',0,0,'2018-01-03 12:23:56','2018-01-03 12:23:56'),(1874,560,23,0.05,'USD',8,1,'2018-01-03 17:21:13','2018-01-15 01:25:49'),(1875,560,23,0.05,'USD',7,1,'2018-01-03 17:21:25','2018-01-15 01:25:49'),(1876,560,23,0.01,'USD',6,1,'2018-01-03 17:21:36','2018-01-15 01:25:49'),(1877,558,16,1.00,'USD',50,0,'2018-01-03 17:21:43','2018-01-03 17:21:43'),(1878,560,23,1.00,'USD',50,1,'2018-01-03 17:21:44','2018-01-15 01:25:49'),(1879,558,16,1.00,'USD',50,0,'2018-01-03 17:23:28','2018-01-03 17:23:28'),(1880,558,16,0.10,'USD',0,0,'2018-01-03 22:49:11','2018-01-03 22:49:11'),(1881,558,16,0.10,'USD',0,0,'2018-01-03 22:49:11','2018-01-03 22:49:11'),(1882,558,16,0.10,'USD',0,0,'2018-01-03 22:49:12','2018-01-03 22:49:12'),(1883,558,16,0.10,'USD',0,0,'2018-01-03 22:49:13','2018-01-03 22:49:13'),(1884,558,16,0.10,'USD',0,0,'2018-01-03 22:49:14','2018-01-03 22:49:14'),(1885,558,16,0.10,'USD',0,0,'2018-01-03 22:49:15','2018-01-03 22:49:15'),(1886,558,16,0.10,'USD',0,0,'2018-01-03 22:49:23','2018-01-03 22:49:23'),(1887,558,16,0.50,'USD',15,0,'2018-01-03 22:49:23','2018-01-03 22:49:23'),(1888,558,16,0.50,'USD',255,0,'2018-01-03 22:49:24','2018-01-03 22:49:24'),(1889,558,16,0.50,'USD',128,0,'2018-01-03 22:49:25','2018-01-03 22:49:25'),(1890,558,16,0.10,'USD',0,0,'2018-01-03 22:49:26','2018-01-03 22:49:26'),(1891,558,16,0.10,'USD',0,0,'2018-01-03 22:49:26','2018-01-03 22:49:26'),(1892,558,16,0.10,'USD',0,0,'2018-01-03 22:49:28','2018-01-03 22:49:28'),(1893,558,16,0.50,'USD',248,0,'2018-01-03 22:49:29','2018-01-03 22:49:29'),(1894,558,16,0.10,'USD',0,0,'2018-01-03 22:49:29','2018-01-03 22:49:29'),(1895,558,16,0.10,'USD',0,0,'2018-01-03 22:49:30','2018-01-03 22:49:30'),(1896,558,16,0.10,'USD',0,0,'2018-01-03 22:49:31','2018-01-03 22:49:31'),(1897,558,16,0.10,'USD',0,0,'2018-01-03 22:49:32','2018-01-03 22:49:32'),(1898,558,16,0.10,'USD',0,0,'2018-01-03 22:49:32','2018-01-03 22:49:32'),(1899,558,16,0.10,'USD',0,0,'2018-01-03 22:49:33','2018-01-03 22:49:33'),(1900,558,16,0.10,'USD',0,0,'2018-01-03 22:49:34','2018-01-03 22:49:34'),(1901,558,16,0.10,'USD',0,0,'2018-01-03 22:49:35','2018-01-03 22:49:35'),(1902,558,16,0.10,'USD',0,0,'2018-01-03 22:49:36','2018-01-03 22:49:36'),(1903,558,16,0.10,'USD',0,0,'2018-01-03 22:49:36','2018-01-03 22:49:36'),(1904,558,16,0.10,'USD',0,0,'2018-01-03 22:49:37','2018-01-03 22:49:37'),(1905,558,16,0.10,'USD',0,0,'2018-01-03 22:49:38','2018-01-03 22:49:38'),(1906,558,16,0.10,'USD',0,0,'2018-01-03 22:49:39','2018-01-03 22:49:39'),(1907,558,16,0.10,'USD',0,0,'2018-01-03 22:49:40','2018-01-03 22:49:40'),(1908,558,16,1.00,'USD',50,0,'2018-01-04 03:48:14','2018-01-04 03:48:14'),(1909,558,16,0.10,'USD',0,0,'2018-01-04 22:18:35','2018-01-04 22:18:35'),(1910,558,16,0.10,'USD',0,0,'2018-01-04 22:18:36','2018-01-04 22:18:36'),(1911,558,16,0.10,'USD',0,0,'2018-01-04 22:18:37','2018-01-04 22:18:37'),(1912,558,16,0.10,'USD',0,0,'2018-01-04 22:18:37','2018-01-04 22:18:37'),(1913,558,16,0.10,'USD',0,0,'2018-01-04 22:18:38','2018-01-04 22:18:38'),(1914,558,16,0.10,'USD',0,0,'2018-01-04 22:18:39','2018-01-04 22:18:39'),(1915,558,16,0.10,'USD',0,0,'2018-01-04 22:18:40','2018-01-04 22:18:40'),(1916,558,16,0.10,'USD',0,0,'2018-01-04 23:29:44','2018-01-04 23:29:44'),(1917,558,16,0.10,'USD',0,0,'2018-01-04 23:29:45','2018-01-04 23:29:45'),(1918,558,16,0.10,'USD',0,0,'2018-01-04 23:29:46','2018-01-04 23:29:46'),(1919,558,16,0.10,'USD',0,0,'2018-01-04 23:29:47','2018-01-04 23:29:47'),(1920,560,23,1.00,'USD',50,1,'2018-01-07 01:04:52','2018-01-15 01:25:49'),(1921,560,23,1.00,'USD',50,1,'2018-01-07 01:05:48','2018-01-15 01:25:49'),(1922,558,16,0.10,'USD',0,0,'2018-01-07 01:13:30','2018-01-07 01:13:30'),(1923,558,16,0.10,'USD',0,0,'2018-01-07 01:13:38','2018-01-07 01:13:38'),(1924,558,16,0.10,'USD',0,0,'2018-01-07 01:13:38','2018-01-07 01:13:38'),(1925,558,16,0.10,'USD',0,0,'2018-01-07 01:13:39','2018-01-07 01:13:39'),(1926,558,16,0.10,'USD',0,0,'2018-01-07 01:13:40','2018-01-07 01:13:40'),(1927,558,16,0.10,'USD',0,0,'2018-01-07 01:13:41','2018-01-07 01:13:41'),(1928,558,16,0.10,'USD',0,0,'2018-01-07 01:13:41','2018-01-07 01:13:41'),(1929,558,16,0.10,'USD',0,0,'2018-01-07 01:13:42','2018-01-07 01:13:42'),(1930,560,23,0.25,'USD',11,1,'2018-01-08 17:41:57','2018-01-15 01:25:49'),(1931,560,23,0.25,'USD',10,1,'2018-01-08 17:44:40','2018-01-15 01:25:49'),(1932,560,23,0.01,'USD',5,1,'2018-01-08 17:44:41','2018-01-15 01:25:49'),(1933,560,23,0.25,'USD',11,1,'2018-01-08 17:44:42','2018-01-15 01:25:49'),(1934,560,23,0.05,'USD',8,1,'2018-01-08 17:44:58','2018-01-15 01:25:49'),(1935,560,23,1.00,'USD',50,1,'2018-01-08 17:46:58','2018-01-15 01:25:49'),(1936,560,23,1.00,'USD',50,1,'2018-01-08 17:47:06','2018-01-15 01:25:49'),(1937,560,23,0.01,'USD',5,1,'2018-01-08 18:03:05','2018-01-15 01:25:49'),(1938,560,23,0.25,'USD',11,1,'2018-01-08 18:18:45','2018-01-15 01:25:49'),(1939,560,23,0.05,'USD',7,1,'2018-01-08 18:18:47','2018-01-15 01:25:49'),(1940,560,23,0.05,'USD',8,1,'2018-01-08 18:18:48','2018-01-15 01:25:49'),(1941,560,23,0.00,'USD',100,1,'2018-01-08 18:19:01','2018-01-15 01:25:49'),(1942,560,23,0.00,'USD',100,1,'2018-01-08 18:19:02','2018-01-15 01:25:49'),(1943,560,23,0.10,'USD',4,1,'2018-01-08 18:19:16','2018-01-15 01:25:49'),(1944,560,23,0.25,'USD',11,1,'2018-01-08 18:19:36','2018-01-15 01:25:49'),(1945,560,23,1.00,'USD',50,1,'2018-01-08 18:19:44','2018-01-15 01:25:49'),(1946,560,23,0.01,'USD',6,1,'2018-01-08 18:19:52','2018-01-15 01:25:49'),(1947,560,23,0.10,'USD',3,1,'2018-01-08 18:20:00','2018-01-15 01:25:49'),(1948,560,23,1.00,'USD',50,1,'2018-01-08 18:20:08','2018-01-15 01:25:49'),(1949,560,23,0.10,'USD',1,1,'2018-01-08 18:20:46','2018-01-15 01:25:49'),(1950,560,23,0.01,'USD',6,1,'2018-01-08 18:33:32','2018-01-15 01:25:49'),(1951,560,23,1.00,'USD',50,1,'2018-01-08 18:41:07','2018-01-15 01:25:49'),(1952,560,23,1.00,'USD',50,1,'2018-01-08 19:58:18','2018-01-15 01:25:49'),(1953,560,23,0.25,'USD',11,1,'2018-01-08 19:59:53','2018-01-15 01:25:49'),(1954,560,23,0.25,'USD',11,1,'2018-01-08 19:59:54','2018-01-15 01:25:49'),(1955,560,23,1.00,'USD',50,1,'2018-01-08 20:00:01','2018-01-15 01:25:49'),(1956,560,23,1.00,'USD',50,1,'2018-01-08 20:00:15','2018-01-15 01:25:49'),(1957,3,26,0.10,'USD',3,0,'2018-01-10 18:35:15','2018-01-10 18:35:15'),(1958,3,26,0.10,'USD',3,0,'2018-01-11 19:44:53','2018-01-11 19:44:53'),(1959,560,23,0.25,'USD',11,0,'2018-01-15 01:26:29','2018-01-15 01:26:29'),(1960,560,23,0.00,'USD',100,0,'2018-01-15 01:30:56','2018-01-15 01:30:56'),(1961,560,23,1.00,'USD',50,0,'2018-01-15 01:32:45','2018-01-15 01:32:45'),(1962,560,23,0.00,'USD',100,0,'2018-01-15 01:32:57','2018-01-15 01:32:57'),(1963,19,19,1.00,'USD',50,0,'2018-01-25 07:04:39','2018-01-25 07:04:39'),(1964,560,23,0.01,'USD',5,0,'2018-01-31 12:12:24','2018-01-31 12:12:24'),(1965,560,23,0.10,'USD',3,0,'2018-01-31 12:12:31','2018-01-31 12:12:31'),(1966,560,23,0.01,'USD',5,0,'2018-01-31 12:12:33','2018-01-31 12:12:33'),(1967,560,23,0.25,'USD',11,0,'2018-01-31 12:13:03','2018-01-31 12:13:03'),(1968,560,23,0.10,'USD',1,0,'2018-01-31 12:13:04','2018-01-31 12:13:04'),(1969,560,23,1.00,'USD',50,0,'2018-01-31 12:16:16','2018-01-31 12:16:16'),(1970,3,26,0.05,'USD',7,0,'2018-02-02 18:26:28','2018-02-02 18:26:28'),(1971,3,26,0.10,'USD',3,0,'2018-02-02 18:29:32','2018-02-02 18:29:32'),(1972,3,26,0.10,'USD',3,0,'2018-02-02 18:29:43','2018-02-02 18:29:43'),(1973,3,26,0.10,'USD',3,0,'2018-02-02 18:29:45','2018-02-02 18:29:45'),(1974,3,26,0.10,'USD',3,0,'2018-02-02 18:29:52','2018-02-02 18:29:52'),(1975,3,26,0.10,'USD',3,0,'2018-02-02 18:29:54','2018-02-02 18:29:54'),(1976,560,23,0.01,'USD',6,0,'2018-02-16 16:42:17','2018-02-16 16:42:17'),(1977,560,23,0.00,'USD',100,0,'2018-02-16 16:47:39','2018-02-16 16:47:39'),(1978,560,23,0.00,'USD',100,0,'2018-02-16 16:47:46','2018-02-16 16:47:46'),(1979,560,23,0.00,'USD',100,0,'2018-02-16 16:47:47','2018-02-16 16:47:47'),(1980,560,23,0.00,'USD',100,0,'2018-02-16 16:47:47','2018-02-16 16:47:47'),(1981,560,23,0.00,'USD',100,0,'2018-02-16 16:47:48','2018-02-16 16:47:48'),(1982,560,23,0.00,'USD',100,0,'2018-02-16 16:47:49','2018-02-16 16:47:49'),(1983,560,23,0.01,'USD',6,0,'2018-03-20 00:33:36','2018-03-20 00:33:36');
/*!40000 ALTER TABLE `cbox_deposits` ENABLE KEYS */;
UNLOCK TABLES;

--
-- Table structure for table `cbox_discounts`
--

DROP TABLE IF EXISTS `cbox_discounts`;
/*!40101 SET @saved_cs_client     = @@character_set_client */;
/*!40101 SET character_set_client = utf8 */;
CREATE TABLE `cbox_discounts` (
  `id` int(10) unsigned NOT NULL AUTO_INCREMENT,
  `code` varchar(191) NOT NULL,
  `percent` int(11) NOT NULL DEFAULT '0',
  `del_flg` int(11) NOT NULL DEFAULT '0',
  `created_at` timestamp NULL DEFAULT NULL,
  `updated_at` timestamp NULL DEFAULT NULL,
  PRIMARY KEY (`id`),
  UNIQUE KEY `cbox_discounts_code_unique` (`code`)
) ENGINE=InnoDB AUTO_INCREMENT=3 DEFAULT CHARSET=utf8;
/*!40101 SET character_set_client = @saved_cs_client */;

--
-- Dumping data for table `cbox_discounts`
--

LOCK TABLES `cbox_discounts` WRITE;
/*!40000 ALTER TABLE `cbox_discounts` DISABLE KEYS */;
INSERT INTO `cbox_discounts` VALUES (1,'smh',15,0,'2017-07-10 15:58:12','2017-07-10 15:58:12');
/*!40000 ALTER TABLE `cbox_discounts` ENABLE KEYS */;
UNLOCK TABLES;

--
-- Table structure for table `cbox_donates`
--

DROP TABLE IF EXISTS `cbox_donates`;
/*!40101 SET @saved_cs_client     = @@character_set_client */;
/*!40101 SET character_set_client = utf8 */;
CREATE TABLE `cbox_donates` (
  `id` int(10) unsigned NOT NULL AUTO_INCREMENT,
  `org_id` int(10) unsigned NOT NULL,
  `name` varchar(150) COLLATE utf8mb4_unicode_ci NOT NULL DEFAULT '',
  `picture` varchar(150) COLLATE utf8mb4_unicode_ci NOT NULL DEFAULT '',
  `city` varchar(150) COLLATE utf8mb4_unicode_ci NOT NULL DEFAULT '',
  `country` varchar(150) COLLATE utf8mb4_unicode_ci NOT NULL DEFAULT '',
  `description` varchar(150) COLLATE utf8mb4_unicode_ci NOT NULL DEFAULT '',
  `commitment` int(11) NOT NULL DEFAULT '0',
  `donate_count` int(11) NOT NULL DEFAULT '0',
  `exist_count` int(11) NOT NULL DEFAULT '0',
  `del_flg` int(11) NOT NULL DEFAULT '1',
  `created_at` timestamp NULL DEFAULT NULL,
  `updated_at` timestamp NULL DEFAULT NULL,
  `image_origin` varchar(150) COLLATE utf8mb4_unicode_ci NOT NULL DEFAULT '',
  `address` varchar(150) COLLATE utf8mb4_unicode_ci DEFAULT '',
  `state` varchar(150) COLLATE utf8mb4_unicode_ci DEFAULT '',
  PRIMARY KEY (`id`),
  KEY `cbox_donates_org_id_foreign` (`org_id`),
  CONSTRAINT `cbox_donates_org_id_foreign` FOREIGN KEY (`org_id`) REFERENCES `users` (`id`) ON DELETE CASCADE
) ENGINE=InnoDB AUTO_INCREMENT=3 DEFAULT CHARSET=utf8mb4 COLLATE=utf8mb4_unicode_ci;
/*!40101 SET character_set_client = @saved_cs_client */;

--
-- Dumping data for table `cbox_donates`
--

LOCK TABLES `cbox_donates` WRITE;
/*!40000 ALTER TABLE `cbox_donates` DISABLE KEYS */;
INSERT INTO `cbox_donates` VALUES (1,28,'yjp','/uploaded/avatars/9bcf86edf44d33a0a1f381d6e13ea3ba.','ft lauderdale','usa','mitzvot ......',0,10,0,0,'2017-06-25 08:56:54','2017-07-10 14:59:38','/uploaded/avatars/6ed425cd2279acd39c1a090f8e8d3852.jpg','520 ne 8h ave ft lauderdale',''),(2,26,'YJP Las Olas','/uploaded/avatars/1455bc4b71111dbe690b65d94eae9c9b.','ft lauderdale','United States','YJP Las Olas was started to create an vibrant social community for the young Jewish Professionals in Ft lauderdale.',50,100,0,0,'2017-07-10 14:54:16','2017-07-10 14:59:39','/uploaded/avatars/d2b52d888b16df869d4d0f071f9127c6.JPG','520 ne 8t ave','');
/*!40000 ALTER TABLE `cbox_donates` ENABLE KEYS */;
UNLOCK TABLES;

--
-- Table structure for table `cbox_following`
--

DROP TABLE IF EXISTS `cbox_following`;
/*!40101 SET @saved_cs_client     = @@character_set_client */;
/*!40101 SET character_set_client = utf8 */;
CREATE TABLE `cbox_following` (
  `id` int(10) unsigned NOT NULL AUTO_INCREMENT,
  `user_id` int(10) unsigned NOT NULL,
  `follow_user_id` int(10) unsigned NOT NULL,
  `created_at` timestamp NULL DEFAULT NULL,
  `updated_at` timestamp NULL DEFAULT NULL,
  PRIMARY KEY (`id`),
  KEY `cbox_following_user_id_foreign` (`user_id`),
  KEY `cbox_following_follow_user_id_foreign` (`follow_user_id`),
  CONSTRAINT `cbox_following_ibfk_1` FOREIGN KEY (`follow_user_id`) REFERENCES `users` (`id`) ON DELETE CASCADE,
  CONSTRAINT `cbox_following_ibfk_2` FOREIGN KEY (`user_id`) REFERENCES `users` (`id`) ON DELETE CASCADE
) ENGINE=InnoDB AUTO_INCREMENT=67 DEFAULT CHARSET=utf8;
/*!40101 SET character_set_client = @saved_cs_client */;

--
-- Dumping data for table `cbox_following`
--

LOCK TABLES `cbox_following` WRITE;
/*!40000 ALTER TABLE `cbox_following` DISABLE KEYS */;
INSERT INTO `cbox_following` VALUES (7,18,19,'2017-03-06 18:42:04','2017-03-06 18:42:04'),(8,18,21,'2017-03-06 18:42:06','2017-03-06 18:42:06'),(9,26,16,'2017-03-12 01:33:07','2017-03-12 01:33:07'),(10,26,26,'2017-03-19 13:10:08','2017-03-19 13:10:08'),(11,26,27,'2017-03-19 13:10:13','2017-03-19 13:10:13'),(12,28,17,'2017-03-19 13:43:21','2017-03-19 13:43:21'),(13,28,16,'2017-03-19 20:47:31','2017-03-19 20:47:31'),(14,18,18,'2017-03-23 03:06:51','2017-03-23 03:06:51'),(15,18,17,'2017-03-23 03:07:06','2017-03-23 03:07:06'),(18,18,20,'2017-03-23 03:12:25','2017-03-23 03:12:25'),(19,19,19,'2017-03-23 03:19:01','2017-03-23 03:19:01'),(20,19,24,'2017-03-23 03:19:14','2017-03-23 03:19:14'),(21,19,17,'2017-03-23 03:19:30','2017-03-23 03:19:30'),(22,19,28,'2017-03-23 03:21:08','2017-03-23 03:21:08'),(23,20,20,'2017-03-23 03:24:09','2017-03-23 03:24:09'),(24,26,20,'2017-03-23 14:40:06','2017-03-23 14:40:06'),(29,26,23,'2017-03-28 01:30:48','2017-03-28 01:30:48'),(30,26,24,'2017-03-28 01:31:02','2017-03-28 01:31:02'),(35,23,21,'2017-04-03 18:21:10','2017-04-03 18:21:10'),(36,23,18,'2017-04-03 18:21:21','2017-04-03 18:21:21'),(37,31,19,'2017-04-04 22:55:54','2017-04-04 22:55:54'),(38,31,20,'2017-04-04 22:55:58','2017-04-04 22:55:58'),(39,31,21,'2017-04-04 22:56:01','2017-04-04 22:56:01'),(40,31,22,'2017-04-04 22:56:08','2017-04-04 22:56:08'),(41,31,23,'2017-04-04 22:56:11','2017-04-04 22:56:11'),(42,31,24,'2017-04-04 22:56:15','2017-04-04 22:56:15'),(43,28,26,'2017-04-19 17:05:58','2017-04-19 17:05:58'),(44,28,23,'2017-04-20 19:10:30','2017-04-20 19:10:30'),(46,23,28,'2017-04-27 18:03:11','2017-04-27 18:03:11'),(47,26,19,'2017-05-01 15:51:30','2017-05-01 15:51:30'),(48,17,20,'2017-05-02 19:50:58','2017-05-02 19:50:58'),(49,17,22,'2017-05-02 21:55:53','2017-05-02 21:55:53'),(50,29,28,'2017-05-16 00:08:48','2017-05-16 00:08:48'),(51,28,19,'2017-05-18 15:31:14','2017-05-18 15:31:14'),(52,18,28,'2017-05-18 15:32:50','2017-05-18 15:32:50'),(53,18,22,'2017-05-18 15:33:01','2017-05-18 15:33:01'),(54,18,26,'2017-05-18 15:33:29','2017-05-18 15:33:29'),(55,40,28,'2017-05-29 23:59:13','2017-05-29 23:59:13'),(56,28,24,'2017-07-10 17:25:17','2017-07-10 17:25:17'),(57,17,21,'2017-07-10 23:59:06','2017-07-10 23:59:06'),(58,26,21,'2017-07-11 17:35:38','2017-07-11 17:35:38'),(61,46,22,'2017-09-08 10:03:36','2017-09-08 10:03:36'),(63,23,19,'2017-11-01 15:57:45','2017-11-01 15:57:45'),(66,23,26,'2017-11-03 09:33:50','2017-11-03 09:33:50');
/*!40000 ALTER TABLE `cbox_following` ENABLE KEYS */;
UNLOCK TABLES;

--
-- Table structure for table `cbox_houseios`
--

DROP TABLE IF EXISTS `cbox_houseios`;
/*!40101 SET @saved_cs_client     = @@character_set_client */;
/*!40101 SET character_set_client = utf8 */;
CREATE TABLE `cbox_houseios` (
  `id` int(10) unsigned NOT NULL AUTO_INCREMENT,
  `house_id` int(10) unsigned NOT NULL,
  `order_id` int(11) NOT NULL DEFAULT '0',
  `amount` int(11) NOT NULL DEFAULT '0',
  `comment` varchar(191) NOT NULL DEFAULT '',
  `del_flg` int(11) NOT NULL DEFAULT '0',
  `created_at` timestamp NULL DEFAULT NULL,
  `updated_at` timestamp NULL DEFAULT NULL,
  PRIMARY KEY (`id`),
  KEY `cbox_houseios_house_id_foreign` (`house_id`),
  CONSTRAINT `cbox_houseios_house_id_foreign` FOREIGN KEY (`house_id`) REFERENCES `cbox_houses` (`id`) ON DELETE CASCADE
) ENGINE=InnoDB AUTO_INCREMENT=3 DEFAULT CHARSET=utf8;
/*!40101 SET character_set_client = @saved_cs_client */;

--
-- Dumping data for table `cbox_houseios`
--

LOCK TABLES `cbox_houseios` WRITE;
/*!40000 ALTER TABLE `cbox_houseios` DISABLE KEYS */;
INSERT INTO `cbox_houseios` VALUES (1,4,1,-2,'42341234',0,'2017-05-25 20:21:31','2017-05-25 20:21:31'),(2,3,0,250,'initial inventory po #1',0,'2017-06-07 20:54:35','2017-06-07 20:54:35');
/*!40000 ALTER TABLE `cbox_houseios` ENABLE KEYS */;
UNLOCK TABLES;

--
-- Table structure for table `cbox_houses`
--

DROP TABLE IF EXISTS `cbox_houses`;
/*!40101 SET @saved_cs_client     = @@character_set_client */;
/*!40101 SET character_set_client = utf8 */;
CREATE TABLE `cbox_houses` (
  `id` int(10) unsigned NOT NULL AUTO_INCREMENT,
  `name` varchar(191) NOT NULL DEFAULT '',
  `manager` varchar(191) NOT NULL DEFAULT '',
  `address` varchar(191) NOT NULL DEFAULT '',
  `city` varchar(191) NOT NULL DEFAULT '',
  `state` varchar(191) NOT NULL DEFAULT '',
  `del_flg` int(11) NOT NULL DEFAULT '0',
  `created_at` timestamp NULL DEFAULT NULL,
  `updated_at` timestamp NULL DEFAULT NULL,
  `manager_email` varchar(150) NOT NULL DEFAULT '',
  `country` varchar(150) DEFAULT '',
  PRIMARY KEY (`id`)
) ENGINE=InnoDB AUTO_INCREMENT=4 DEFAULT CHARSET=utf8;
/*!40101 SET character_set_client = @saved_cs_client */;

--
-- Dumping data for table `cbox_houses`
--

LOCK TABLES `cbox_houses` WRITE;
/*!40000 ALTER TABLE `cbox_houses` DISABLE KEYS */;
INSERT INTO `cbox_houses` VALUES (3,'florida warhhouse','Stewart','520 ne 8t ave','ft lauderdale','fl',0,'2017-06-07 20:50:50','2017-06-07 20:50:50','yjpsfl@gmail.com','usa');
/*!40000 ALTER TABLE `cbox_houses` ENABLE KEYS */;
UNLOCK TABLES;

--
-- Table structure for table `cbox_images`
--

DROP TABLE IF EXISTS `cbox_images`;
/*!40101 SET @saved_cs_client     = @@character_set_client */;
/*!40101 SET character_set_client = utf8 */;
CREATE TABLE `cbox_images` (
  `id` int(10) unsigned NOT NULL AUTO_INCREMENT,
  `box_id` int(10) unsigned NOT NULL,
  `image_url` varchar(150) COLLATE utf8mb4_unicode_ci NOT NULL DEFAULT '',
  `order` int(11) NOT NULL DEFAULT '0',
  `del_flg` int(11) NOT NULL DEFAULT '0',
  `created_at` timestamp NULL DEFAULT NULL,
  `updated_at` timestamp NULL DEFAULT NULL,
  PRIMARY KEY (`id`),
  KEY `cbox_images_box_id_foreign` (`box_id`),
  CONSTRAINT `cbox_images_box_id_foreign` FOREIGN KEY (`box_id`) REFERENCES `cbox_sell_boxes` (`id`) ON DELETE CASCADE
) ENGINE=InnoDB AUTO_INCREMENT=9 DEFAULT CHARSET=utf8mb4 COLLATE=utf8mb4_unicode_ci;
/*!40101 SET character_set_client = @saved_cs_client */;

--
-- Dumping data for table `cbox_images`
--

LOCK TABLES `cbox_images` WRITE;
/*!40000 ALTER TABLE `cbox_images` DISABLE KEYS */;
INSERT INTO `cbox_images` VALUES (1,1,'assets/img/Boxpicture.png',0,0,'2017-03-13 16:24:01','2017-03-13 16:24:01'),(2,1,'assets/img/Boxpicture.png',1,0,'2017-03-13 16:24:01','2017-03-13 16:24:01'),(3,1,'assets/img/Boxpicture.png',2,0,'2017-03-13 16:24:01','2017-03-13 16:24:01'),(4,1,'assets/img/Boxpicture.png',3,0,'2017-03-13 16:24:01','2017-03-13 16:24:01'),(5,2,'assets/img/Boxpicture.jpg',0,0,'2017-03-13 16:24:01','2017-03-13 16:24:01'),(6,2,'assets/img/Boxpicture.jpg',1,0,'2017-03-13 16:24:01','2017-03-13 16:24:01'),(7,2,'assets/img/Boxpicture.jpg',2,0,'2017-03-13 16:24:01','2017-03-13 16:24:01'),(8,2,'assets/img/Boxpicture.jpg',3,0,'2017-03-13 16:24:01','2017-03-13 16:24:01');
/*!40000 ALTER TABLE `cbox_images` ENABLE KEYS */;
UNLOCK TABLES;

--
-- Table structure for table `cbox_invoices`
--

DROP TABLE IF EXISTS `cbox_invoices`;
/*!40101 SET @saved_cs_client     = @@character_set_client */;
/*!40101 SET character_set_client = utf8 */;
CREATE TABLE `cbox_invoices` (
  `id` int(10) unsigned NOT NULL AUTO_INCREMENT,
  `buyer_id` int(11) NOT NULL,
  `user_id` int(11) NOT NULL,
  `amount` decimal(5,2) NOT NULL DEFAULT '0.00',
  `count` int(11) NOT NULL,
  `type` int(11) NOT NULL,
  `status` int(11) NOT NULL,
  `invoice_key` varchar(150) COLLATE utf8mb4_unicode_ci NOT NULL DEFAULT '',
  `del_flg` int(11) NOT NULL DEFAULT '0',
  `created_at` timestamp NULL DEFAULT NULL,
  `updated_at` timestamp NULL DEFAULT NULL,
  PRIMARY KEY (`id`)
) ENGINE=InnoDB AUTO_INCREMENT=69 DEFAULT CHARSET=utf8mb4 COLLATE=utf8mb4_unicode_ci;
/*!40101 SET character_set_client = @saved_cs_client */;

--
-- Dumping data for table `cbox_invoices`
--

LOCK TABLES `cbox_invoices` WRITE;
/*!40000 ALTER TABLE `cbox_invoices` DISABLE KEYS */;
INSERT INTO `cbox_invoices` VALUES (1,26,28,100.37,1,5,0,'7d5180e5403973af96ed2a760ff04363',0,'2017-04-09 03:11:49','2017-04-09 03:11:49'),(2,4,0,49.95,1,1,0,'4386696ff484f7cf063b2f68fbb99bf6',0,'2017-05-05 13:41:42','2017-05-05 13:41:42'),(3,5,0,49.95,1,1,0,'a8717360380d1b86c74620c7c26fd217',0,'2017-05-05 13:41:42','2017-05-05 13:41:42'),(4,6,0,49.95,1,1,0,'a31ed868437a8a4cdc5ce17653ad1403',0,'2017-05-05 13:41:43','2017-05-05 13:41:43'),(5,26,28,106.28,1,5,0,'157e846960932cc565563873026e7086',0,'2017-05-05 20:43:23','2017-05-05 20:43:23'),(6,26,28,106.28,1,5,0,'157e846960932cc565563873026e7086',0,'2017-05-05 20:43:23','2017-05-05 20:43:23'),(7,26,28,106.28,1,5,0,'5125ab28d5d23c1792dd8f046c82b25a',0,'2017-05-05 20:43:24','2017-05-05 20:43:24'),(8,26,28,106.28,1,5,0,'5125ab28d5d23c1792dd8f046c82b25a',0,'2017-05-05 20:43:24','2017-05-05 20:43:24'),(9,26,28,106.28,1,5,0,'5125ab28d5d23c1792dd8f046c82b25a',0,'2017-05-05 20:43:24','2017-05-05 20:43:24'),(10,26,28,106.28,1,5,0,'96f2de3c989af1ca59c45fd01278e48d',0,'2017-05-05 20:43:25','2017-05-05 20:43:25'),(11,7,0,49.95,1,1,0,'088a161eb8b0609524a35211d18a00d4',0,'2017-05-11 13:24:16','2017-05-11 13:24:16'),(12,8,0,49.95,1,1,0,'84b8b514b0014aa50ff92bbc71a0cc0d',0,'2017-05-11 13:24:23','2017-05-11 13:24:23'),(13,9,0,49.95,1,1,0,'26fa92a186a4a617d909b3541e0b9e65',0,'2017-05-11 13:24:47','2017-05-11 13:24:47'),(14,26,28,108.20,1,5,0,'228fe2436eae4e8eab7fd46d357ff81c',0,'2017-05-15 21:51:24','2017-05-15 21:51:24'),(15,26,28,108.20,1,5,0,'228fe2436eae4e8eab7fd46d357ff81c',0,'2017-05-15 21:51:24','2017-05-15 21:51:24'),(16,26,28,108.20,1,5,0,'228fe2436eae4e8eab7fd46d357ff81c',0,'2017-05-15 21:51:24','2017-05-15 21:51:24'),(17,26,28,108.20,1,5,0,'4d774844e033c38b5084036f986c30de',0,'2017-05-15 21:51:25','2017-05-15 21:51:25'),(18,26,28,108.20,1,5,0,'4d774844e033c38b5084036f986c30de',0,'2017-05-15 21:51:25','2017-05-15 21:51:25'),(19,26,28,108.20,1,5,0,'4d774844e033c38b5084036f986c30de',0,'2017-05-15 21:51:25','2017-05-15 21:51:25'),(20,26,28,108.20,1,5,0,'de19b700a8ac3b7944aa9e37c53409f4',0,'2017-05-15 21:51:26','2017-05-15 21:51:26'),(21,26,28,108.20,1,5,0,'cce2caa94ae6c5aa5831d77d8209112a',0,'2017-05-15 22:01:01','2017-05-15 22:01:01'),(22,10,0,49.95,1,1,0,'8df2437e03a258f2eedce34b271e6424',0,'2017-05-15 22:05:26','2017-05-15 22:05:26'),(23,11,0,49.95,1,1,0,'ba4ef6eb0342d7153e8b240d69937417',0,'2017-05-15 22:05:26','2017-05-15 22:05:26'),(24,12,0,49.95,1,1,0,'b7ba6ca000b7b135e5f0ca01faa74f02',0,'2017-05-15 22:05:27','2017-05-15 22:05:27'),(25,13,0,49.95,1,1,0,'b417d61b8c21ef167682fa98aef1ceb6',0,'2017-05-15 22:05:27','2017-05-15 22:05:27'),(26,14,0,49.95,1,1,0,'1167e546f89afdd29fde9317ab90e28c',0,'2017-05-15 22:05:28','2017-05-15 22:05:28'),(27,15,0,49.95,1,1,0,'8f2bfdad7c937589a063b482b575a612',0,'2017-05-15 22:05:28','2017-05-15 22:05:28'),(28,16,0,49.95,1,1,0,'fbb50e15eea722972666092382b22daf',0,'2017-05-15 22:05:28','2017-05-15 22:05:28'),(29,17,0,49.95,1,1,0,'574791a09397ec438413c74f346cc038',0,'2017-05-15 23:39:49','2017-05-15 23:39:49'),(30,18,0,49.95,1,1,0,'5e0523d4bd0a4cc317211eacec359522',0,'2017-05-15 23:39:50','2017-05-15 23:39:50'),(31,19,0,49.95,1,1,0,'6b6d6fc43ff61ba49f6c9b7c03acceb9',0,'2017-05-15 23:39:50','2017-05-15 23:39:50'),(32,20,0,49.95,1,1,0,'9b7dbb67571e4757631281f28f699d4d',0,'2017-05-15 23:39:50','2017-05-15 23:39:50'),(33,21,0,49.95,1,1,0,'a2baa38ff7701f9013609af207702192',0,'2017-05-15 23:39:51','2017-05-15 23:39:51'),(34,22,0,49.95,1,1,0,'7aeb40d6f740e4b59aa002f849e297c7',0,'2017-05-15 23:39:51','2017-05-15 23:39:51'),(35,23,0,49.95,1,1,0,'5a5f6dc1af92656f279efdd6a908b339',0,'2017-05-15 23:39:52','2017-05-15 23:39:52'),(36,24,0,49.95,1,1,0,'6fa35b42a4b2764de0ba42452a3ff565',0,'2017-05-16 00:11:32','2017-05-16 00:11:32'),(37,25,0,49.95,1,1,0,'3ea68b4917ed62ab7bfca2bb99bf0110',0,'2017-05-16 00:11:32','2017-05-16 00:11:32'),(38,26,0,49.95,1,1,0,'4b838a3a8d31c3fc98a0f2a1eea14177',0,'2017-05-16 00:11:32','2017-05-16 00:11:32'),(39,27,0,49.95,1,1,0,'9d9ae67dd03e4a1b4e304acb3b7f78e3',0,'2017-05-16 00:11:33','2017-05-16 00:11:33'),(40,28,0,49.95,1,1,0,'aeb0080c5fc729e846406a174bb32e0f',0,'2017-05-16 00:11:33','2017-05-16 00:11:33'),(41,29,0,49.95,1,1,0,'03225f611a3ff11b5ea52b74243bf0f0',0,'2017-05-16 00:11:33','2017-05-16 00:11:33'),(42,26,28,108.20,1,5,0,'8c3cc0e4240a78840660802331d385b7',0,'2017-05-16 01:46:11','2017-05-16 01:46:11'),(43,26,28,108.20,1,5,0,'a16963d81e5d2562f601fa918aac5d4e',0,'2017-05-16 01:46:12','2017-05-16 01:46:12'),(44,26,28,108.20,1,5,0,'a16963d81e5d2562f601fa918aac5d4e',0,'2017-05-16 01:46:12','2017-05-16 01:46:12'),(45,26,28,108.20,1,5,0,'a16963d81e5d2562f601fa918aac5d4e',0,'2017-05-16 01:46:12','2017-05-16 01:46:12'),(46,26,28,108.20,1,5,0,'a16963d81e5d2562f601fa918aac5d4e',0,'2017-05-16 01:46:12','2017-05-16 01:46:12'),(47,26,28,108.20,1,5,0,'dc1d5ffef5455864c373fa3cf20929c3',0,'2017-05-16 01:46:13','2017-05-16 01:46:13'),(48,26,28,108.20,1,5,0,'dc1d5ffef5455864c373fa3cf20929c3',0,'2017-05-16 01:46:13','2017-05-16 01:46:13'),(49,30,0,49.95,1,1,0,'5ccb58eb3eccd95ac9385cc13d3418a0',0,'2017-05-16 01:57:32','2017-05-16 01:57:32'),(50,31,0,49.95,1,1,0,'bf8f00f3c5cb108d173093dc7f9e701d',0,'2017-05-16 01:57:33','2017-05-16 01:57:33'),(51,32,0,49.95,1,1,0,'18c85da3dc9a01d1fad3372ce1fe9368',0,'2017-05-16 01:57:33','2017-05-16 01:57:33'),(52,18,28,4.27,1,5,0,'1220acb1aa89186ed1129be7b6143dff',0,'2017-05-16 09:00:48','2017-05-16 09:00:48'),(53,18,28,4.27,1,5,0,'06f93e1e1814009966a641d342e1f848',0,'2017-05-16 09:01:54','2017-05-16 09:01:54'),(54,18,28,4.27,1,5,0,'6ec6279a57135f6eeb5368119e407407',0,'2017-05-16 09:11:12','2017-05-16 09:11:12'),(55,18,28,4.27,1,5,0,'e8a271ed8b7ff8afd7fa83ac639be639',0,'2017-05-16 14:05:22','2017-05-16 14:05:22'),(56,18,28,4.27,1,5,0,'6190535ffe23f6c615b63b9c565a7e62',0,'2017-05-18 15:17:23','2017-05-18 15:17:23'),(57,1,0,49.95,1,1,1,'c19890b8b691d29f7eeade1af14e1425',0,'2017-05-25 19:52:46','2017-05-25 19:57:13'),(58,2,0,49.95,2,1,1,'bfb51ae98b65ccaffb2ced70731337dc',0,'2017-05-25 20:17:15','2017-05-25 20:18:05'),(59,3,0,49.95,1,1,0,'a5f23a5ce4fe597be72ff6c39e0488b2',0,'2017-05-28 16:46:12','2017-05-28 16:46:12'),(60,2,0,49.95,1,1,0,'90686811a29985397150ec1f15527f1a',0,'2017-07-10 18:49:09','2017-07-10 18:49:09'),(61,26,26,152.86,1,5,0,'2518b7de932c4cdf69dcc3363ba85b6a',0,'2017-07-10 18:51:12','2017-07-10 18:51:12'),(62,26,26,152.86,1,5,0,'12b8e2b33b91f75e2be608a5a155a833',0,'2017-07-10 18:55:51','2017-07-10 18:55:51'),(63,26,28,152.86,1,5,0,'d58aa75d543818465d5d7cd750aa2a55',0,'2017-07-10 18:56:14','2017-07-10 18:56:14'),(64,26,26,152.86,1,5,0,'fcfe813556c628f1577e9bbd06fdc2b0',0,'2017-07-10 22:58:53','2017-07-10 22:58:53'),(65,4,0,49.95,1,1,1,'2df526af36e9b7b91ecd1c3f2fc57962',0,'2017-08-08 13:52:16','2017-08-08 13:55:24'),(66,23,26,65.54,1,5,0,'d83f757c4b52a1119fcb3886fef091d1',0,'2017-10-17 17:57:04','2017-10-17 17:57:04'),(67,23,26,65.54,1,5,0,'893be4226faf13dfcf0c9401df70d719',0,'2017-10-17 17:57:11','2017-10-17 17:57:11'),(68,23,26,69.19,1,5,0,'9b9ba302d6ae99826e79ef5b011ccf2f',0,'2017-11-01 15:58:45','2017-11-01 15:58:45');
/*!40000 ALTER TABLE `cbox_invoices` ENABLE KEYS */;
UNLOCK TABLES;

--
-- Table structure for table `cbox_member_boxes`
--

DROP TABLE IF EXISTS `cbox_member_boxes`;
/*!40101 SET @saved_cs_client     = @@character_set_client */;
/*!40101 SET character_set_client = utf8 */;
CREATE TABLE `cbox_member_boxes` (
  `id` int(10) unsigned NOT NULL AUTO_INCREMENT,
  `member_id` int(10) unsigned NOT NULL,
  `device_id` int(11) NOT NULL,
  `del_flg` int(11) NOT NULL DEFAULT '0',
  `created_at` timestamp NULL DEFAULT NULL,
  `updated_at` timestamp NULL DEFAULT NULL,
  PRIMARY KEY (`id`),
  KEY `cbox_member_boxes_member_id_foreign` (`member_id`),
  CONSTRAINT `cbox_member_boxes_ibfk_1` FOREIGN KEY (`member_id`) REFERENCES `users` (`id`) ON DELETE CASCADE
) ENGINE=InnoDB AUTO_INCREMENT=8 DEFAULT CHARSET=utf8mb4 COLLATE=utf8mb4_unicode_ci;
/*!40101 SET character_set_client = @saved_cs_client */;

--
-- Dumping data for table `cbox_member_boxes`
--

LOCK TABLES `cbox_member_boxes` WRITE;
/*!40000 ALTER TABLE `cbox_member_boxes` DISABLE KEYS */;
INSERT INTO `cbox_member_boxes` VALUES (1,29,135,0,'2017-03-28 01:37:44','2017-03-28 01:37:44'),(2,33,3000,0,'2017-04-19 19:28:00','2017-04-19 19:28:00'),(3,34,3001,0,'2017-04-19 19:49:17','2017-04-19 19:49:17'),(4,35,3002,0,'2017-04-19 19:53:54','2017-04-19 19:53:54'),(5,36,3004,0,'2017-04-20 02:00:26','2017-04-20 02:00:26'),(6,38,23,0,'2017-05-15 21:42:30','2017-05-15 21:42:30'),(7,44,800,0,'2017-07-25 13:20:39','2017-07-25 13:20:39');
/*!40000 ALTER TABLE `cbox_member_boxes` ENABLE KEYS */;
UNLOCK TABLES;

--
-- Table structure for table `cbox_messages_history`
--

DROP TABLE IF EXISTS `cbox_messages_history`;
/*!40101 SET @saved_cs_client     = @@character_set_client */;
/*!40101 SET character_set_client = utf8 */;
CREATE TABLE `cbox_messages_history` (
  `id` int(10) unsigned NOT NULL AUTO_INCREMENT,
  `email` varchar(191) NOT NULL DEFAULT '',
  `name` varchar(191) NOT NULL DEFAULT '',
  `subject` varchar(191) NOT NULL DEFAULT '',
  `message` varchar(191) NOT NULL DEFAULT '',
  `created_at` timestamp NULL DEFAULT NULL,
  `updated_at` timestamp NULL DEFAULT NULL,
  `replied` int(11) NOT NULL DEFAULT '0',
  PRIMARY KEY (`id`)
) ENGINE=InnoDB AUTO_INCREMENT=2 DEFAULT CHARSET=utf8;
/*!40101 SET character_set_client = @saved_cs_client */;

--
-- Dumping data for table `cbox_messages_history`
--

LOCK TABLES `cbox_messages_history` WRITE;
/*!40000 ALTER TABLE `cbox_messages_history` DISABLE KEYS */;
INSERT INTO `cbox_messages_history` VALUES (1,'jacobisrael@mail.usf.edu','Jake','It\'s me','Hi\nIt\'s Jacob','2017-05-04 16:09:00','2017-05-04 16:09:00',0);
/*!40000 ALTER TABLE `cbox_messages_history` ENABLE KEYS */;
UNLOCK TABLES;

--
-- Table structure for table `cbox_options`
--

DROP TABLE IF EXISTS `cbox_options`;
/*!40101 SET @saved_cs_client     = @@character_set_client */;
/*!40101 SET character_set_client = utf8 */;
CREATE TABLE `cbox_options` (
  `id` int(10) unsigned NOT NULL AUTO_INCREMENT,
  `key` varchar(191) NOT NULL,
  `value` varchar(191) NOT NULL DEFAULT '',
  `created_at` timestamp NULL DEFAULT NULL,
  `updated_at` timestamp NULL DEFAULT NULL,
  PRIMARY KEY (`id`),
  UNIQUE KEY `cbox_options_key_unique` (`key`)
) ENGINE=InnoDB AUTO_INCREMENT=9 DEFAULT CHARSET=utf8;
/*!40101 SET character_set_client = @saved_cs_client */;

--
-- Dumping data for table `cbox_options`
--

LOCK TABLES `cbox_options` WRITE;
/*!40000 ALTER TABLE `cbox_options` DISABLE KEYS */;
INSERT INTO `cbox_options` VALUES (1,'max_device_id','562','2017-03-22 20:29:16','2018-02-27 21:41:24'),(2,'firmware_major_version','1','2017-03-22 20:29:16','2018-03-16 08:44:57'),(3,'firmware_file_name','CBox_firmware_v_1_8','2017-03-22 20:29:16','2018-03-16 08:44:57'),(4,'firmware_minor_version','8','2017-03-22 20:29:16','2018-03-16 08:44:57'),(5,'sound_file_count','2','2017-03-22 20:29:16','2017-03-22 20:29:16'),(6,'user_23_updated_sound','0','2017-04-06 09:27:32','2018-01-02 23:42:16'),(7,'user_28_updated_sound','0','2017-04-20 02:42:31','2017-05-25 03:01:38'),(8,'user_18_updated_sound','1','2017-05-22 12:30:45','2017-05-22 12:30:45');
/*!40000 ALTER TABLE `cbox_options` ENABLE KEYS */;
UNLOCK TABLES;

--
-- Table structure for table `cbox_orders`
--

DROP TABLE IF EXISTS `cbox_orders`;
/*!40101 SET @saved_cs_client     = @@character_set_client */;
/*!40101 SET character_set_client = utf8 */;
CREATE TABLE `cbox_orders` (
  `id` int(10) unsigned NOT NULL AUTO_INCREMENT,
  `donate_id` int(10) unsigned NOT NULL DEFAULT '0',
  `amount` int(10) unsigned NOT NULL DEFAULT '0',
  `name` varchar(191) NOT NULL DEFAULT '',
  `email` varchar(191) NOT NULL DEFAULT '',
  `address` varchar(191) NOT NULL DEFAULT '',
  `city` varchar(191) NOT NULL DEFAULT '',
  `state` varchar(191) NOT NULL DEFAULT '',
  `del_flg` int(11) NOT NULL DEFAULT '0',
  `created_at` timestamp NULL DEFAULT NULL,
  `updated_at` timestamp NULL DEFAULT NULL,
  `country` varchar(150) DEFAULT '',
  PRIMARY KEY (`id`)
) ENGINE=InnoDB AUTO_INCREMENT=2 DEFAULT CHARSET=utf8;
/*!40101 SET character_set_client = @saved_cs_client */;

--
-- Dumping data for table `cbox_orders`
--

LOCK TABLES `cbox_orders` WRITE;
/*!40000 ALTER TABLE `cbox_orders` DISABLE KEYS */;
INSERT INTO `cbox_orders` VALUES (1,0,1,'jon vaughn','work@tier5.us','NY','NY','NY',0,'2017-08-08 13:55:24','2017-08-08 13:55:24','US');
/*!40000 ALTER TABLE `cbox_orders` ENABLE KEYS */;
UNLOCK TABLES;

--
-- Table structure for table `cbox_sell_boxes`
--

DROP TABLE IF EXISTS `cbox_sell_boxes`;
/*!40101 SET @saved_cs_client     = @@character_set_client */;
/*!40101 SET character_set_client = utf8 */;
CREATE TABLE `cbox_sell_boxes` (
  `id` int(10) unsigned NOT NULL AUTO_INCREMENT,
  `title` varchar(150) COLLATE utf8mb4_unicode_ci NOT NULL DEFAULT '',
  `detail` varchar(150) COLLATE utf8mb4_unicode_ci NOT NULL DEFAULT '',
  `type` varchar(150) COLLATE utf8mb4_unicode_ci NOT NULL DEFAULT '',
  `price` decimal(5,2) NOT NULL DEFAULT '0.00',
  `sold_count` int(11) NOT NULL DEFAULT '0',
  `amount` int(11) NOT NULL DEFAULT '0',
  `main_image_url` varchar(150) COLLATE utf8mb4_unicode_ci NOT NULL DEFAULT '',
  `del_flg` int(11) NOT NULL DEFAULT '0',
  `created_at` timestamp NULL DEFAULT NULL,
  `updated_at` timestamp NULL DEFAULT NULL,
  PRIMARY KEY (`id`)
) ENGINE=InnoDB AUTO_INCREMENT=3 DEFAULT CHARSET=utf8mb4 COLLATE=utf8mb4_unicode_ci;
/*!40101 SET character_set_client = @saved_cs_client */;

--
-- Dumping data for table `cbox_sell_boxes`
--

LOCK TABLES `cbox_sell_boxes` WRITE;
/*!40000 ALTER TABLE `cbox_sell_boxes` DISABLE KEYS */;
INSERT INTO `cbox_sell_boxes` VALUES (1,'C-Box 1','Test1 Lorem ipsum dolor ut sit ame dolore adipiscing elit, sed nonumy nibh sed euismod laoreet dolore magna aliquarm erat volutpat Nostrud duis molest','C-Box 1',59.95,0,10,'assets/img/Boxpicture.png',0,'2017-03-13 16:22:31','2017-03-13 16:22:31'),(2,'C-Box 2','Test2 Lorem ipsum dolor ut sit ame dolore adipiscing elit, sed nonumy nibh sed euismod laoreet dolore magna aliquarm erat volutpat Nostrud duis molest','C-Box 2',49.95,0,10,'assets/img/Boxpicture.jpg',0,'2017-03-13 16:22:31','2017-03-13 16:22:31');
/*!40000 ALTER TABLE `cbox_sell_boxes` ENABLE KEYS */;
UNLOCK TABLES;

--
-- Table structure for table `cbox_sounds`
--

DROP TABLE IF EXISTS `cbox_sounds`;
/*!40101 SET @saved_cs_client     = @@character_set_client */;
/*!40101 SET character_set_client = utf8 */;
CREATE TABLE `cbox_sounds` (
  `id` int(10) unsigned NOT NULL AUTO_INCREMENT,
  `user_id` int(10) unsigned NOT NULL,
  `name` varchar(191) NOT NULL DEFAULT '',
  `file_url` varchar(191) NOT NULL DEFAULT '',
  `del_flg` int(11) NOT NULL DEFAULT '0',
  `created_at` timestamp NULL DEFAULT NULL,
  `updated_at` timestamp NULL DEFAULT NULL,
  PRIMARY KEY (`id`),
  KEY `cbox_sounds_user_id_foreign` (`user_id`),
  CONSTRAINT `cbox_sounds_user_id_foreign` FOREIGN KEY (`user_id`) REFERENCES `users` (`id`) ON DELETE CASCADE
) ENGINE=InnoDB AUTO_INCREMENT=52 DEFAULT CHARSET=utf8;
/*!40101 SET character_set_client = @saved_cs_client */;

--
-- Dumping data for table `cbox_sounds`
--

LOCK TABLES `cbox_sounds` WRITE;
/*!40000 ALTER TABLE `cbox_sounds` DISABLE KEYS */;
INSERT INTO `cbox_sounds` VALUES (1,23,'sound_0.wav','/uploaded/sounds/sound_23_1491470852.wmv',1,'2017-04-06 09:27:32','2017-04-06 17:16:34'),(2,23,'sound_1.wav','/uploaded/sounds/sound_23_1491470936.wmv',1,'2017-04-06 09:28:56','2017-04-06 17:16:38'),(3,23,'sound_2.wav','/uploaded/sounds/sound_23_1491470943.wmv',1,'2017-04-06 09:29:03','2017-04-06 17:16:40'),(4,23,'sound_4.wav','/uploaded/sounds/sound_23_1491470956.wmv',1,'2017-04-06 09:29:16','2017-04-06 17:16:42'),(5,23,'sound_3.wav','/uploaded/sounds/sound_23_1491470970.wmv',1,'2017-04-06 09:29:30','2017-04-06 17:16:44'),(6,23,'sound_5.wav','/uploaded/sounds/sound_23_1491471034.wmv',1,'2017-04-06 09:30:34','2017-04-06 17:16:55'),(7,23,'sound_6.wav','/uploaded/sounds/sound_23_1491471038.wmv',1,'2017-04-06 09:30:38','2017-04-06 17:17:51'),(8,23,'sound_7.wav','/uploaded/sounds/sound_23_1491471072.wmv',1,'2017-04-06 09:31:12','2017-04-06 17:18:05'),(9,23,'msg1.wav','/uploaded/sounds/sound_23_1491499091.wmv',1,'2017-04-06 17:18:11','2017-04-24 14:14:36'),(10,23,'msg2.wav','/uploaded/sounds/sound_23_1491499096.wmv',1,'2017-04-06 17:18:16','2017-04-24 14:14:38'),(11,23,'msg3.wav','/uploaded/sounds/sound_23_1491499100.wmv',1,'2017-04-06 17:18:20','2017-04-24 14:14:40'),(12,23,'msg4.wav','/uploaded/sounds/sound_23_1491499104.wmv',1,'2017-04-06 17:18:24','2017-04-24 14:14:43'),(13,23,'msg5.wav','/uploaded/sounds/sound_23_1491499113.wmv',1,'2017-04-06 17:18:33','2017-04-24 14:14:45'),(14,23,'msg6.wav','/uploaded/sounds/sound_23_1491499118.wmv',1,'2017-04-06 17:18:38','2017-04-24 14:14:46'),(15,23,'msg7.wav','/uploaded/sounds/sound_23_1491499150.wmv',1,'2017-04-06 17:19:10','2017-04-24 14:14:48'),(16,23,'msg8.wav','/uploaded/sounds/sound_23_1491499156.wmv',1,'2017-04-06 17:19:16','2017-04-24 14:14:50'),(17,23,'msg3.wav','/uploaded/sounds/sound_23_1491577555.wav',1,'2017-04-07 15:05:55','2017-04-07 15:06:39'),(18,23,'msg6.wav','/uploaded/sounds/sound_23_1491577714.wav',1,'2017-04-07 15:08:34','2017-04-09 19:07:58'),(19,23,'bell-ringing-05.mp3','/uploaded/sounds/sound_23_1491578254.wav',1,'2017-04-07 15:17:34','2017-04-09 19:05:19'),(20,23,'bell-ringing-05.mp3','/uploaded/sounds/sound_23_1491580044.wav',1,'2017-04-07 15:47:24','2017-04-09 19:05:23'),(21,23,'bell-ringing-05.mp3','/uploaded/sounds/sound_23_1491587006.wav',1,'2017-04-07 17:43:26','2017-04-09 19:05:25'),(22,23,'123.wav','/uploaded/sounds/sound_23_1493043295.wav',1,'2017-04-24 14:14:55','2017-04-24 18:02:58'),(23,23,'123.wav','/uploaded/sounds/sound_23_1493056983.wav',1,'2017-04-24 18:03:03','2017-04-25 06:11:53'),(24,23,'123.wav','/uploaded/sounds/sound_23_1493100863.wav',1,'2017-04-25 06:14:23','2017-04-25 15:04:51'),(25,23,'msg1.wav','/uploaded/sounds/sound_23_1493132697.wav',1,'2017-04-25 15:04:57','2017-04-26 14:07:18'),(26,23,'msg2.wav','/uploaded/sounds/sound_23_1493144359.wav',1,'2017-04-25 18:19:19','2017-04-26 14:07:20'),(27,23,'msg3.wav','/uploaded/sounds/sound_23_1493144364.wav',1,'2017-04-25 18:19:24','2017-04-26 14:07:22'),(28,23,'123.wav','/uploaded/sounds/sound_23_1493215652.wav',1,'2017-04-26 14:07:32','2017-04-28 16:14:51'),(29,22,'123.wav','/uploaded/sounds/sound_22_1493395550.wav',0,'2017-04-28 16:05:50','2017-04-28 16:05:50'),(30,23,'16Hz-20kHz-Exp-1f-5sec.mp3','/uploaded/sounds/sound_23_1493396103.wav',1,'2017-04-28 16:15:03','2017-04-28 16:59:33'),(31,23,'16Hz-20kHz-Exp-1f-5sec.mp3','/uploaded/sounds/sound_23_1493398778.wav',1,'2017-04-28 16:59:38','2017-04-28 17:03:59'),(32,23,'16Hz-20kHz-Lin-1f-5sec.mp3','/uploaded/sounds/sound_23_1493399045.wav',1,'2017-04-28 17:04:06','2017-11-13 16:54:17'),(33,18,'123.wav','/uploaded/sounds/sound_18_1495455556.wav',0,'2017-05-22 12:19:17','2017-05-22 12:19:17'),(34,28,'New Recording 4.m4a','/uploaded/sounds/sound_28_1495456419.wav',1,'2017-05-22 12:33:39','2017-05-22 19:10:15'),(35,28,'New Recording 5.m4a','/uploaded/sounds/sound_28_1495476296.wav',1,'2017-05-22 18:04:56','2017-05-22 19:10:12'),(36,28,'New Recording 5.m4a','/uploaded/sounds/sound_28_1495476741.wav',1,'2017-05-22 18:12:22','2017-05-22 19:15:39'),(37,28,'New Recording 5.m4a','/uploaded/sounds/sound_28_1495480256.wav',0,'2017-05-22 19:10:56','2017-05-22 19:10:56'),(38,28,'New Recording 4.m4a','/uploaded/sounds/sound_28_1495587676.wav',0,'2017-05-24 01:01:16','2017-05-24 01:01:16'),(39,45,'ound_23_1491569236.wav','/uploaded/sounds/sound_45_1502191574.wav',0,'2017-08-08 11:26:14','2017-08-08 11:26:14'),(40,23,'Box Test.m4a','/uploaded/sounds/sound_23_1510592021.wav',0,'2017-11-13 16:53:41','2017-11-13 16:53:41'),(41,23,'','',1,'2018-01-01 22:04:35','2018-02-28 08:49:22'),(42,23,'','',1,'2018-01-01 22:04:51','2018-02-28 08:49:24'),(43,23,'','',1,'2018-01-01 22:05:12','2018-02-28 08:49:26'),(44,23,'','',1,'2018-01-01 22:05:35','2018-02-28 08:49:28'),(45,23,'','',1,'2018-01-01 22:05:41','2018-02-28 08:49:30'),(46,16,'','',0,'2018-01-03 17:26:10','2018-01-03 17:26:10'),(47,16,'','',0,'2018-01-03 17:26:13','2018-01-03 17:26:13'),(48,16,'','',0,'2018-01-03 17:26:17','2018-01-03 17:26:17'),(49,16,'','',0,'2018-01-03 17:26:20','2018-01-03 17:26:20'),(50,16,'','',0,'2018-01-03 17:26:23','2018-01-03 17:26:23'),(51,23,'','',0,'2018-02-28 08:52:17','2018-02-28 08:52:17');
/*!40000 ALTER TABLE `cbox_sounds` ENABLE KEYS */;
UNLOCK TABLES;

--
-- Table structure for table `cities`
--

DROP TABLE IF EXISTS `cities`;
/*!40101 SET @saved_cs_client     = @@character_set_client */;
/*!40101 SET character_set_client = utf8 */;
CREATE TABLE `cities` (
  `id` int(10) unsigned NOT NULL AUTO_INCREMENT COMMENT 'Auto increase ID',
  `state_id` int(10) unsigned NOT NULL COMMENT 'State ID',
  `name` varchar(191) NOT NULL DEFAULT '' COMMENT 'City Name',
  `created_at` timestamp NULL DEFAULT NULL,
  `updated_at` timestamp NULL DEFAULT NULL,
  `deleted_at` timestamp NULL DEFAULT NULL,
  PRIMARY KEY (`id`),
  UNIQUE KEY `cities_state_id_name_unique` (`state_id`,`name`),
  CONSTRAINT `cities_state_id_foreign` FOREIGN KEY (`state_id`) REFERENCES `states` (`id`) ON DELETE CASCADE
) ENGINE=InnoDB AUTO_INCREMENT=9 DEFAULT CHARSET=utf8;
/*!40101 SET character_set_client = @saved_cs_client */;

--
-- Dumping data for table `cities`
--

LOCK TABLES `cities` WRITE;
/*!40000 ALTER TABLE `cities` DISABLE KEYS */;
INSERT INTO `cities` VALUES (1,1,'New york','2017-12-29 16:24:14','2017-12-29 16:24:14',NULL),(2,2,'City1','2017-12-29 16:24:15','2017-12-29 16:24:15',NULL),(3,3,'New york1','2017-12-29 16:24:15','2017-12-29 16:24:15',NULL),(4,4,'City2','2017-12-29 16:24:15','2017-12-29 16:24:15',NULL),(5,5,'City4','2017-12-29 16:24:15','2017-12-29 16:24:15',NULL),(6,6,'City3','2017-12-29 16:24:15','2017-12-29 16:24:15',NULL),(7,6,'City23','2017-12-29 16:24:15','2017-12-29 16:24:15',NULL),(8,6,'City24','2017-12-29 16:24:15','2017-12-29 16:24:15',NULL);
/*!40000 ALTER TABLE `cities` ENABLE KEYS */;
UNLOCK TABLES;

--
-- Table structure for table `comments`
--

DROP TABLE IF EXISTS `comments`;
/*!40101 SET @saved_cs_client     = @@character_set_client */;
/*!40101 SET character_set_client = utf8 */;
CREATE TABLE `comments` (
  `id` int(10) unsigned NOT NULL AUTO_INCREMENT,
  `comment` text NOT NULL,
  `is_edited` tinyint(1) NOT NULL DEFAULT '0' COMMENT '0 => No, 1 =>Yes',
  `on_post` int(10) unsigned NOT NULL,
  `commented_by` int(10) unsigned NOT NULL,
  `created_at` timestamp NULL DEFAULT NULL,
  `updated_at` timestamp NULL DEFAULT NULL,
  PRIMARY KEY (`id`),
  KEY `comments_on_post_index` (`on_post`),
  KEY `comments_commented_by_index` (`commented_by`),
  CONSTRAINT `comments_commented_by_foreign` FOREIGN KEY (`commented_by`) REFERENCES `users` (`id`) ON DELETE CASCADE,
  CONSTRAINT `comments_on_post_foreign` FOREIGN KEY (`on_post`) REFERENCES `posts` (`id`) ON DELETE CASCADE
) ENGINE=InnoDB DEFAULT CHARSET=utf8;
/*!40101 SET character_set_client = @saved_cs_client */;

--
-- Dumping data for table `comments`
--

LOCK TABLES `comments` WRITE;
/*!40000 ALTER TABLE `comments` DISABLE KEYS */;
/*!40000 ALTER TABLE `comments` ENABLE KEYS */;
UNLOCK TABLES;

--
-- Table structure for table `conversations`
--

DROP TABLE IF EXISTS `conversations`;
/*!40101 SET @saved_cs_client     = @@character_set_client */;
/*!40101 SET character_set_client = utf8 */;
CREATE TABLE `conversations` (
  `id` int(10) unsigned NOT NULL AUTO_INCREMENT,
  `user_one` int(11) NOT NULL,
  `user_two` int(11) NOT NULL,
  `status` tinyint(1) NOT NULL,
  `created_at` timestamp NULL DEFAULT NULL,
  `updated_at` timestamp NULL DEFAULT NULL,
  PRIMARY KEY (`id`)
) ENGINE=InnoDB AUTO_INCREMENT=8 DEFAULT CHARSET=utf8;
/*!40101 SET character_set_client = @saved_cs_client */;

--
-- Dumping data for table `conversations`
--

LOCK TABLES `conversations` WRITE;
/*!40000 ALTER TABLE `conversations` DISABLE KEYS */;
INSERT INTO `conversations` VALUES (1,17,21,1,'2017-03-21 15:14:37','2017-03-21 15:14:37'),(2,17,18,1,'2017-03-23 03:14:06','2017-03-23 03:14:21'),(3,16,23,1,'2017-04-03 18:07:27','2017-04-25 20:22:48'),(4,17,29,1,'2017-05-04 16:03:03','2017-05-04 16:04:40'),(5,17,28,1,'2017-05-07 17:59:20','2017-05-24 00:38:58'),(6,17,45,1,'2017-08-08 14:03:49','2018-01-17 13:35:27'),(7,17,23,1,'2017-11-09 18:39:21','2017-11-09 18:42:21');
/*!40000 ALTER TABLE `conversations` ENABLE KEYS */;
UNLOCK TABLES;

--
-- Table structure for table `countries`
--

DROP TABLE IF EXISTS `countries`;
/*!40101 SET @saved_cs_client     = @@character_set_client */;
/*!40101 SET character_set_client = utf8 */;
CREATE TABLE `countries` (
  `id` int(10) unsigned NOT NULL AUTO_INCREMENT COMMENT 'Auto increase ID',
  `name` varchar(191) NOT NULL DEFAULT '' COMMENT 'Country Name',
  `created_at` timestamp NULL DEFAULT NULL,
  `updated_at` timestamp NULL DEFAULT NULL,
  `deleted_at` timestamp NULL DEFAULT NULL,
  PRIMARY KEY (`id`),
  UNIQUE KEY `countries_name_unique` (`name`)
) ENGINE=InnoDB AUTO_INCREMENT=5 DEFAULT CHARSET=utf8;
/*!40101 SET character_set_client = @saved_cs_client */;

--
-- Dumping data for table `countries`
--

LOCK TABLES `countries` WRITE;
/*!40000 ALTER TABLE `countries` DISABLE KEYS */;
INSERT INTO `countries` VALUES (1,'United States','2017-12-29 16:24:14','2017-12-29 16:24:14',NULL),(2,'Austrelia','2017-12-29 16:24:15','2017-12-29 16:24:15',NULL),(3,'United States1','2017-12-29 16:24:15','2017-12-29 16:24:15',NULL),(4,'Austrelia1','2017-12-29 16:24:15','2017-12-29 16:24:15',NULL);
/*!40000 ALTER TABLE `countries` ENABLE KEYS */;
UNLOCK TABLES;

--
-- Table structure for table `districts`
--

DROP TABLE IF EXISTS `districts`;
/*!40101 SET @saved_cs_client     = @@character_set_client */;
/*!40101 SET character_set_client = utf8 */;
CREATE TABLE `districts` (
  `id` int(10) unsigned NOT NULL AUTO_INCREMENT COMMENT 'Auto increase ID',
  `city_id` int(10) unsigned NOT NULL COMMENT 'City ID',
  `name` varchar(191) NOT NULL DEFAULT '' COMMENT 'District Name',
  `population` bigint(20) unsigned DEFAULT NULL COMMENT 'Population',
  `unit` bigint(20) unsigned DEFAULT NULL COMMENT 'Unit',
  `cost_assumption` bigint(20) DEFAULT NULL COMMENT 'Cost Assumption',
  `profit_assumption` bigint(20) DEFAULT NULL COMMENT 'Cost Assumption',
  `created_at` timestamp NULL DEFAULT NULL,
  `updated_at` timestamp NULL DEFAULT NULL,
  `deleted_at` timestamp NULL DEFAULT NULL,
  PRIMARY KEY (`id`),
  KEY `districts_city_id_foreign` (`city_id`),
  CONSTRAINT `districts_city_id_foreign` FOREIGN KEY (`city_id`) REFERENCES `cities` (`id`) ON DELETE CASCADE
) ENGINE=InnoDB AUTO_INCREMENT=67 DEFAULT CHARSET=utf8;
/*!40101 SET character_set_client = @saved_cs_client */;

--
-- Dumping data for table `districts`
--

LOCK TABLES `districts` WRITE;
/*!40000 ALTER TABLE `districts` DISABLE KEYS */;
INSERT INTO `districts` VALUES (1,1,'UN1',1200,10,100,100,'2017-12-29 16:24:14','2017-12-29 16:24:14',NULL),(2,1,'UN2',1200,11,110,110,'2017-12-29 16:24:14','2017-12-29 16:24:14',NULL),(3,1,'UN3',1200,12,120,120,'2017-12-29 16:24:14','2017-12-29 16:24:14',NULL),(4,1,'UN4',1201,13,130,130,'2017-12-29 16:24:14','2017-12-29 16:24:14',NULL),(5,1,'UN5',1202,14,140,140,'2017-12-29 16:24:14','2017-12-29 16:24:14',NULL),(6,1,'UN6',1203,15,150,150,'2017-12-29 16:24:14','2017-12-29 16:24:14',NULL),(7,1,'UN7',1204,16,160,160,'2017-12-29 16:24:14','2017-12-29 16:24:14',NULL),(8,1,'UN8',1205,17,170,170,'2017-12-29 16:24:15','2017-12-29 16:24:15',NULL),(9,1,'UN9',1206,18,180,180,'2017-12-29 16:24:15','2017-12-29 16:24:15',NULL),(10,1,'UN10',1207,19,190,190,'2017-12-29 16:24:15','2017-12-29 16:24:15',NULL),(11,1,'UN11',1208,20,200,200,'2017-12-29 16:24:15','2017-12-29 16:24:15',NULL),(12,1,'UN12',1209,21,210,210,'2017-12-29 16:24:15','2017-12-29 16:24:15',NULL),(13,1,'UN13',1210,22,220,220,'2017-12-29 16:24:15','2017-12-29 16:24:15',NULL),(14,2,'NE1',1211,1,NULL,NULL,'2017-12-29 16:24:15','2017-12-29 16:24:15',NULL),(15,2,'NE2',1212,2,NULL,NULL,'2017-12-29 16:24:15','2017-12-29 16:24:15',NULL),(16,2,'NE3',1213,3,NULL,NULL,'2017-12-29 16:24:15','2017-12-29 16:24:15',NULL),(17,2,'NE4',1214,4,NULL,NULL,'2017-12-29 16:24:15','2017-12-29 16:24:15',NULL),(18,2,'NE5',1215,5,NULL,NULL,'2017-12-29 16:24:15','2017-12-29 16:24:15',NULL),(19,2,'NE6',1216,6,NULL,NULL,'2017-12-29 16:24:15','2017-12-29 16:24:15',NULL),(20,2,'NE7',1217,7,NULL,NULL,'2017-12-29 16:24:15','2017-12-29 16:24:15',NULL),(21,2,'NE8',1218,8,NULL,NULL,'2017-12-29 16:24:15','2017-12-29 16:24:15',NULL),(22,2,'NE9',1219,9,NULL,NULL,'2017-12-29 16:24:15','2017-12-29 16:24:15',NULL),(23,2,'NE10',1220,10,NULL,NULL,'2017-12-29 16:24:15','2017-12-29 16:24:15',NULL),(24,2,'NE11',1221,11,NULL,NULL,'2017-12-29 16:24:15','2017-12-29 16:24:15',NULL),(25,2,'NE12',1222,12,NULL,NULL,'2017-12-29 16:24:15','2017-12-29 16:24:15',NULL),(26,2,'NE13',1223,13,NULL,NULL,'2017-12-29 16:24:15','2017-12-29 16:24:15',NULL),(27,2,'NE14',1224,14,NULL,NULL,'2017-12-29 16:24:15','2017-12-29 16:24:15',NULL),(28,2,'NE15',1225,15,NULL,NULL,'2017-12-29 16:24:15','2017-12-29 16:24:15',NULL),(29,3,'UN53',1200,10,NULL,NULL,'2017-12-29 16:24:15','2017-12-29 16:24:15',NULL),(30,3,'UN54',1200,11,NULL,NULL,'2017-12-29 16:24:15','2017-12-29 16:24:15',NULL),(31,3,'UN55',1200,12,NULL,NULL,'2017-12-29 16:24:15','2017-12-29 16:24:15',NULL),(32,3,'UN56',1201,13,NULL,NULL,'2017-12-29 16:24:15','2017-12-29 16:24:15',NULL),(33,3,'UN57',1202,14,NULL,NULL,'2017-12-29 16:24:15','2017-12-29 16:24:15',NULL),(34,3,'UN58',1203,15,NULL,NULL,'2017-12-29 16:24:15','2017-12-29 16:24:15',NULL),(35,3,'UN59',1204,16,NULL,NULL,'2017-12-29 16:24:15','2017-12-29 16:24:15',NULL),(36,3,'UN60',1205,17,NULL,NULL,'2017-12-29 16:24:15','2017-12-29 16:24:15',NULL),(37,3,'UN61',1206,18,NULL,NULL,'2017-12-29 16:24:15','2017-12-29 16:24:15',NULL),(38,3,'UN62',1207,19,NULL,NULL,'2017-12-29 16:24:15','2017-12-29 16:24:15',NULL),(39,3,'UN63',1208,20,NULL,NULL,'2017-12-29 16:24:15','2017-12-29 16:24:15',NULL),(40,3,'UN64',1209,21,NULL,NULL,'2017-12-29 16:24:15','2017-12-29 16:24:15',NULL),(41,3,'UN65',1210,22,NULL,NULL,'2017-12-29 16:24:15','2017-12-29 16:24:15',NULL),(42,4,'NE23',1211,1,NULL,NULL,'2017-12-29 16:24:15','2017-12-29 16:24:15',NULL),(43,4,'NE24',1212,2,NULL,NULL,'2017-12-29 16:24:15','2017-12-29 16:24:15',NULL),(44,4,'NE25',1213,3,NULL,NULL,'2017-12-29 16:24:15','2017-12-29 16:24:15',NULL),(45,4,'NE26',1214,4,NULL,NULL,'2017-12-29 16:24:15','2017-12-29 16:24:15',NULL),(46,4,'NE27',1215,5,NULL,NULL,'2017-12-29 16:24:15','2017-12-29 16:24:15',NULL),(47,4,'NE28',1216,6,NULL,NULL,'2017-12-29 16:24:15','2017-12-29 16:24:15',NULL),(48,4,'NE29',1217,7,NULL,NULL,'2017-12-29 16:24:15','2017-12-29 16:24:15',NULL),(49,4,'NE30',1218,8,NULL,NULL,'2017-12-29 16:24:15','2017-12-29 16:24:15',NULL),(50,4,'NE31',1219,9,NULL,NULL,'2017-12-29 16:24:15','2017-12-29 16:24:15',NULL),(51,4,'NE32',1220,10,NULL,NULL,'2017-12-29 16:24:15','2017-12-29 16:24:15',NULL),(52,4,'NE33',1221,11,NULL,NULL,'2017-12-29 16:24:15','2017-12-29 16:24:15',NULL),(53,5,'NE34',1222,12,NULL,NULL,'2017-12-29 16:24:15','2017-12-29 16:24:15',NULL),(54,6,'NE35',1223,13,NULL,NULL,'2017-12-29 16:24:15','2017-12-29 16:24:15',NULL),(55,6,'NE36',1224,14,NULL,NULL,'2017-12-29 16:24:15','2017-12-29 16:24:15',NULL),(56,6,'NE37',1225,15,NULL,NULL,'2017-12-29 16:24:15','2017-12-29 16:24:15',NULL),(57,7,'NE38',1226,16,NULL,NULL,'2017-12-29 16:24:15','2017-12-29 16:24:15',NULL),(58,7,'NE39',1227,17,NULL,NULL,'2017-12-29 16:24:15','2017-12-29 16:24:15',NULL),(59,7,'NE40',1228,18,NULL,NULL,'2017-12-29 16:24:15','2017-12-29 16:24:15',NULL),(60,7,'NE41',1229,19,NULL,NULL,'2017-12-29 16:24:15','2017-12-29 16:24:15',NULL),(61,7,'NE42',1230,20,NULL,NULL,'2017-12-29 16:24:15','2017-12-29 16:24:15',NULL),(62,7,'NE43',1231,21,NULL,NULL,'2017-12-29 16:24:15','2017-12-29 16:24:15',NULL),(63,8,'NE44',1232,22,NULL,NULL,'2017-12-29 16:24:15','2017-12-29 16:24:15',NULL),(64,8,'NE45',1233,23,NULL,NULL,'2017-12-29 16:24:15','2017-12-29 16:24:15',NULL),(65,8,'NE46',1234,24,NULL,NULL,'2017-12-29 16:24:15','2017-12-29 16:24:15',NULL),(66,8,'NE47',1235,25,NULL,NULL,'2017-12-29 16:24:15','2017-12-29 16:24:15',NULL);
/*!40000 ALTER TABLE `districts` ENABLE KEYS */;
UNLOCK TABLES;

--
-- Table structure for table `likes`
--

DROP TABLE IF EXISTS `likes`;
/*!40101 SET @saved_cs_client     = @@character_set_client */;
/*!40101 SET character_set_client = utf8 */;
CREATE TABLE `likes` (
  `id` int(10) unsigned NOT NULL AUTO_INCREMENT,
  `on_post` int(10) unsigned NOT NULL,
  `liked_by` int(10) unsigned NOT NULL,
  `created_at` timestamp NULL DEFAULT NULL,
  `updated_at` timestamp NULL DEFAULT NULL,
  PRIMARY KEY (`id`),
  UNIQUE KEY `likes_on_post_liked_by_unique` (`on_post`,`liked_by`),
  KEY `likes_on_post_index` (`on_post`),
  KEY `likes_liked_by_index` (`liked_by`),
  CONSTRAINT `likes_liked_by_foreign` FOREIGN KEY (`liked_by`) REFERENCES `users` (`id`) ON DELETE CASCADE,
  CONSTRAINT `likes_on_post_foreign` FOREIGN KEY (`on_post`) REFERENCES `posts` (`id`) ON DELETE CASCADE
) ENGINE=InnoDB DEFAULT CHARSET=utf8;
/*!40101 SET character_set_client = @saved_cs_client */;

--
-- Dumping data for table `likes`
--

LOCK TABLES `likes` WRITE;
/*!40000 ALTER TABLE `likes` DISABLE KEYS */;
/*!40000 ALTER TABLE `likes` ENABLE KEYS */;
UNLOCK TABLES;

--
-- Table structure for table `messages`
--

DROP TABLE IF EXISTS `messages`;
/*!40101 SET @saved_cs_client     = @@character_set_client */;
/*!40101 SET character_set_client = utf8 */;
CREATE TABLE `messages` (
  `id` int(10) unsigned NOT NULL AUTO_INCREMENT,
  `message` text NOT NULL,
  `is_seen` tinyint(1) NOT NULL DEFAULT '0',
  `deleted_from_sender` tinyint(1) NOT NULL DEFAULT '0',
  `deleted_from_receiver` tinyint(1) NOT NULL DEFAULT '0',
  `user_id` int(11) NOT NULL,
  `conversation_id` int(11) NOT NULL,
  `created_at` timestamp NULL DEFAULT NULL,
  `updated_at` timestamp NULL DEFAULT NULL,
  PRIMARY KEY (`id`)
) ENGINE=InnoDB AUTO_INCREMENT=57 DEFAULT CHARSET=utf8;
/*!40101 SET character_set_client = @saved_cs_client */;

--
-- Dumping data for table `messages`
--

LOCK TABLES `messages` WRITE;
/*!40000 ALTER TABLE `messages` DISABLE KEYS */;
INSERT INTO `messages` VALUES (1,'Hello.\r\nI fixed profile image uploding issue.\r\nI know that it takes some time about 3 secs.',1,0,0,21,1,'2017-03-21 15:14:37','2017-11-28 11:48:15'),(2,'test',1,0,0,18,2,'2017-03-23 03:14:06','2017-05-01 22:15:07'),(3,'hello',1,0,0,18,2,'2017-03-23 03:14:21','2017-05-01 22:15:07'),(4,'Hello. I have something to ask.',1,0,0,23,3,'2017-04-03 18:07:27','2017-04-25 20:42:28'),(5,'Hello.',1,0,0,16,3,'2017-04-03 18:07:51','2017-11-01 15:59:22'),(6,'Thanks for your answer',1,0,0,23,3,'2017-04-03 18:08:10','2017-04-25 20:42:28'),(7,'No thanks',1,0,0,16,3,'2017-04-03 18:08:19','2017-11-01 15:59:22'),(8,'aaaaaaaaaaa',1,0,0,16,3,'2017-04-03 18:08:26','2017-11-01 15:59:22'),(9,'asdfasdf',1,0,0,23,3,'2017-04-03 18:08:33','2017-04-25 20:42:28'),(10,'567678',1,0,0,16,3,'2017-04-03 18:36:50','2017-11-01 15:59:22'),(11,'I found the solution.',1,0,0,23,3,'2017-04-03 18:37:15','2017-04-25 20:42:28'),(12,'Thanks.',1,0,0,23,3,'2017-04-03 18:37:30','2017-04-25 20:42:28'),(13,'AAAAA',1,0,0,23,3,'2017-04-03 18:37:51','2017-04-25 20:42:28'),(14,'aaaaaaaaaaaaa',1,0,0,16,3,'2017-04-05 08:22:37','2017-11-01 15:59:22'),(15,'hi',1,0,0,23,3,'2017-04-25 20:21:30','2017-04-25 20:42:28'),(16,'hi',1,0,0,23,3,'2017-04-25 20:21:39','2017-04-25 20:42:28'),(17,'Hello.',1,0,0,16,3,'2017-04-25 20:21:42','2017-11-01 15:59:22'),(18,'I am Robert',1,0,0,16,3,'2017-04-25 20:21:48','2017-11-01 15:59:22'),(19,'ok great that works',1,0,0,23,3,'2017-04-25 20:22:04','2017-04-25 20:42:28'),(20,'Great~~~~',1,0,0,16,3,'2017-04-25 20:22:10','2017-11-01 15:59:22'),(21,'at the end of message it should offer to send the message as an email',1,0,0,23,3,'2017-04-25 20:22:48','2017-04-25 20:42:28'),(22,'Trying to chat',1,0,0,29,4,'2017-05-04 16:03:03','2017-11-03 17:52:23'),(23,'hi',1,0,0,17,4,'2017-05-04 16:03:14','2017-05-04 16:10:49'),(24,'Hello, I want to buy 3 boxes.',1,0,0,29,4,'2017-05-04 16:03:43','2017-11-03 17:52:23'),(25,'go to purchase',1,0,0,17,4,'2017-05-04 16:03:53','2017-05-04 16:10:49'),(26,'OK goodbye',1,0,0,29,4,'2017-05-04 16:04:02','2017-11-03 17:52:23'),(27,'f',1,0,0,17,4,'2017-05-04 16:04:40','2017-05-04 16:10:49'),(28,'hello',1,0,0,28,5,'2017-05-07 17:59:20','2017-05-07 18:12:45'),(29,'hi',1,0,0,17,5,'2017-05-07 18:00:09','2017-11-15 13:18:14'),(30,'hi',0,0,0,28,5,'2017-05-24 00:36:57','2017-05-24 00:36:57'),(31,'hi',0,0,0,28,5,'2017-05-24 00:36:57','2017-05-24 00:36:57'),(32,'hi',0,0,0,28,5,'2017-05-24 00:36:59','2017-05-24 00:36:59'),(33,'hi',0,0,0,28,5,'2017-05-24 00:37:04','2017-05-24 00:37:04'),(34,'hi',0,0,0,28,5,'2017-05-24 00:37:05','2017-05-24 00:37:05'),(35,'hi',0,0,0,28,5,'2017-05-24 00:37:05','2017-05-24 00:37:05'),(36,'hi',0,0,0,28,5,'2017-05-24 00:37:07','2017-05-24 00:37:07'),(37,'hi',0,0,0,28,5,'2017-05-24 00:37:32','2017-05-24 00:37:32'),(38,'hi',0,0,0,28,5,'2017-05-24 00:38:49','2017-05-24 00:38:49'),(39,'hi hhhhhh',0,0,0,28,5,'2017-05-24 00:38:56','2017-05-24 00:38:56'),(40,'hi hhhhhh',0,0,0,28,5,'2017-05-24 00:38:56','2017-05-24 00:38:56'),(41,'hi hhhhhh',0,0,0,28,5,'2017-05-24 00:38:57','2017-05-24 00:38:57'),(42,'hi hhhhhh',0,0,0,28,5,'2017-05-24 00:38:57','2017-05-24 00:38:57'),(43,'hi hhhhhh',0,0,0,28,5,'2017-05-24 00:38:57','2017-05-24 00:38:57'),(44,'hi hhhhhh',0,0,0,28,5,'2017-05-24 00:38:57','2017-05-24 00:38:57'),(45,'hi hhhhhh',0,0,0,28,5,'2017-05-24 00:38:57','2017-05-24 00:38:57'),(46,'hi hhhhhh',0,0,0,28,5,'2017-05-24 00:38:58','2017-05-24 00:38:58'),(47,'hi hhhhhh',0,0,0,28,5,'2017-05-24 00:38:58','2017-05-24 00:38:58'),(48,'Hello',1,1,0,45,6,'2017-08-08 14:03:49','2017-11-03 21:09:44'),(49,'Hello',1,1,0,45,6,'2017-08-08 14:04:16','2017-11-03 21:09:44'),(50,'hello its Stewart',1,0,0,17,6,'2017-11-03 17:52:36','2018-01-17 13:35:55'),(51,'hello its Stewart',1,0,0,17,6,'2017-11-03 17:52:38','2018-01-17 13:35:55'),(52,'hello its Stewart',1,0,0,17,6,'2017-11-03 17:52:40','2018-01-17 13:35:55'),(53,'Are you there\'s?',1,0,0,23,7,'2017-11-09 18:39:21','2017-11-09 18:40:46'),(54,'Yestes',1,0,0,17,7,'2017-11-09 18:39:45','2017-11-09 18:43:53'),(55,'Hi',0,0,0,23,7,'2017-11-09 18:42:21','2017-11-09 18:42:21'),(56,'hello',0,0,0,45,6,'2018-01-17 13:35:27','2018-01-17 13:35:27');
/*!40000 ALTER TABLE `messages` ENABLE KEYS */;
UNLOCK TABLES;

--
-- Table structure for table `migrations`
--

DROP TABLE IF EXISTS `migrations`;
/*!40101 SET @saved_cs_client     = @@character_set_client */;
/*!40101 SET character_set_client = utf8 */;
CREATE TABLE `migrations` (
  `id` int(10) unsigned NOT NULL AUTO_INCREMENT,
  `migration` varchar(191) COLLATE utf8mb4_unicode_ci NOT NULL,
  `batch` int(11) NOT NULL,
  PRIMARY KEY (`id`)
) ENGINE=InnoDB AUTO_INCREMENT=27 DEFAULT CHARSET=utf8mb4 COLLATE=utf8mb4_unicode_ci;
/*!40101 SET character_set_client = @saved_cs_client */;

--
-- Dumping data for table `migrations`
--

LOCK TABLES `migrations` WRITE;
/*!40000 ALTER TABLE `migrations` DISABLE KEYS */;
INSERT INTO `migrations` VALUES (1,'2014_10_12_000000_create_users_table',1),(2,'2014_10_12_100000_create_password_resets_table',1),(3,'2016_01_01_193651_create_roles_permissions_tables',2),(4,'2017_02_23_182910_modify_user_table',3),(5,'2017_02_25_072929_cbox_tables_insert',4),(6,'2015_10_05_110608_create_messages_table',5),(7,'2015_10_05_110622_create_conversations_table',5),(8,'2017_03_01_151236_following',5),(9,'2017_03_22_182541_cbox_options',6),(10,'2017_09_04_152201_update_users_table_add_column_ip_address',6),(11,'2017_09_04_152910_create_posts_table',7),(12,'2017_09_04_163227_create_posted_medias_table',7),(13,'2017_09_07_160930_create_comments_table',7),(14,'2017_09_07_173945_create_likes_table',7),(15,'2017_09_18_135058_add_facebook_columns_to_users_table',7),(16,'2017_09_21_100553_add_twitter_columns_to_users_table',7),(17,'2017_12_20_065806_create_countries_table',8),(18,'2017_12_20_070335_create_states_table',8),(19,'2017_12_20_070406_create_cities_table',8),(20,'2017_12_20_070453_create_districts_table',8),(21,'2017_12_20_074734_create_sponsors_table',8),(22,'2017_12_27_115045_update_countries_table_add_column_deleted_at',8),(23,'2017_12_27_115107_update_states_table_add_column_deleted_at',8),(24,'2017_12_27_115133_update_cities_table_add_column_deleted_at',8),(25,'2017_12_27_115307_update_distrcits_table_add_column_deleted_at',8),(26,'2017_12_27_115337_update_sponsors_table_add_column_deleted_at',8);
/*!40000 ALTER TABLE `migrations` ENABLE KEYS */;
UNLOCK TABLES;

--
-- Table structure for table `password_resets`
--

DROP TABLE IF EXISTS `password_resets`;
/*!40101 SET @saved_cs_client     = @@character_set_client */;
/*!40101 SET character_set_client = utf8 */;
CREATE TABLE `password_resets` (
  `email` varchar(191) COLLATE utf8mb4_unicode_ci NOT NULL,
  `token` varchar(191) COLLATE utf8mb4_unicode_ci NOT NULL,
  `created_at` timestamp NULL DEFAULT NULL,
  KEY `password_resets_email_index` (`email`),
  KEY `password_resets_token_index` (`token`)
) ENGINE=InnoDB DEFAULT CHARSET=utf8mb4 COLLATE=utf8mb4_unicode_ci;
/*!40101 SET character_set_client = @saved_cs_client */;

--
-- Dumping data for table `password_resets`
--

LOCK TABLES `password_resets` WRITE;
/*!40000 ALTER TABLE `password_resets` DISABLE KEYS */;
INSERT INTO `password_resets` VALUES ('work@tier5.us','$2y$10$0QR7.p4TJ6OAEz3KT4OmNeZ7AG0bTfQT2bFVheU.gN/oJCkufdO0C','2017-08-08 07:49:16');
/*!40000 ALTER TABLE `password_resets` ENABLE KEYS */;
UNLOCK TABLES;

--
-- Table structure for table `permission_role`
--

DROP TABLE IF EXISTS `permission_role`;
/*!40101 SET @saved_cs_client     = @@character_set_client */;
/*!40101 SET character_set_client = utf8 */;
CREATE TABLE `permission_role` (
  `permission_id` int(10) unsigned NOT NULL,
  `role_id` int(10) unsigned NOT NULL,
  PRIMARY KEY (`permission_id`,`role_id`),
  KEY `permission_role_role_id_foreign` (`role_id`),
  CONSTRAINT `permission_role_ibfk_1` FOREIGN KEY (`permission_id`) REFERENCES `permissions` (`id`) ON DELETE CASCADE,
  CONSTRAINT `permission_role_ibfk_2` FOREIGN KEY (`role_id`) REFERENCES `roles` (`id`) ON DELETE CASCADE
) ENGINE=InnoDB DEFAULT CHARSET=utf8mb4 COLLATE=utf8mb4_unicode_ci;
/*!40101 SET character_set_client = @saved_cs_client */;

--
-- Dumping data for table `permission_role`
--

LOCK TABLES `permission_role` WRITE;
/*!40000 ALTER TABLE `permission_role` DISABLE KEYS */;
INSERT INTO `permission_role` VALUES (2,1),(2,2),(3,2),(4,2),(2,3),(3,3),(4,3),(1,7),(5,8);
/*!40000 ALTER TABLE `permission_role` ENABLE KEYS */;
UNLOCK TABLES;

--
-- Table structure for table `permissions`
--

DROP TABLE IF EXISTS `permissions`;
/*!40101 SET @saved_cs_client     = @@character_set_client */;
/*!40101 SET character_set_client = utf8 */;
CREATE TABLE `permissions` (
  `id` int(10) unsigned NOT NULL AUTO_INCREMENT,
  `name` varchar(191) COLLATE utf8mb4_unicode_ci NOT NULL,
  `label` varchar(191) COLLATE utf8mb4_unicode_ci DEFAULT NULL,
  `created_at` timestamp NULL DEFAULT NULL,
  `updated_at` timestamp NULL DEFAULT NULL,
  PRIMARY KEY (`id`)
) ENGINE=InnoDB AUTO_INCREMENT=6 DEFAULT CHARSET=utf8mb4 COLLATE=utf8mb4_unicode_ci;
/*!40101 SET character_set_client = @saved_cs_client */;

--
-- Dumping data for table `permissions`
--

LOCK TABLES `permissions` WRITE;
/*!40000 ALTER TABLE `permissions` DISABLE KEYS */;
INSERT INTO `permissions` VALUES (1,'ADMIN','Admin','2017-02-23 08:53:49','2017-02-23 08:53:49'),(2,'BOX_MANAGE','Box Management','2017-02-23 08:54:00','2017-02-23 08:54:00'),(3,'DONATE_MANAGE','Donate Management','2017-02-23 08:54:07','2017-02-23 08:54:07'),(4,'MEMBER_MANAGE','Member Management','2017-02-23 08:54:18','2017-02-23 08:54:18'),(5,'SHIP_MANAGE','Ship Management','2017-05-25 19:46:57','2017-05-25 19:46:57');
/*!40000 ALTER TABLE `permissions` ENABLE KEYS */;
UNLOCK TABLES;

--
-- Table structure for table `posted_medias`
--

DROP TABLE IF EXISTS `posted_medias`;
/*!40101 SET @saved_cs_client     = @@character_set_client */;
/*!40101 SET character_set_client = utf8 */;
CREATE TABLE `posted_medias` (
  `id` int(10) unsigned NOT NULL AUTO_INCREMENT,
  `media_content_path` varchar(191) NOT NULL,
  `media_type` tinyint(1) NOT NULL COMMENT '0 => Image, 1 => Video, 2 => Audio',
  `in_post` int(10) unsigned NOT NULL,
  `created_at` timestamp NULL DEFAULT NULL,
  `updated_at` timestamp NULL DEFAULT NULL,
  PRIMARY KEY (`id`),
  KEY `posted_medias_in_post_index` (`in_post`),
  CONSTRAINT `posted_medias_in_post_foreign` FOREIGN KEY (`in_post`) REFERENCES `posts` (`id`) ON DELETE CASCADE
) ENGINE=InnoDB DEFAULT CHARSET=utf8;
/*!40101 SET character_set_client = @saved_cs_client */;

--
-- Dumping data for table `posted_medias`
--

LOCK TABLES `posted_medias` WRITE;
/*!40000 ALTER TABLE `posted_medias` DISABLE KEYS */;
/*!40000 ALTER TABLE `posted_medias` ENABLE KEYS */;
UNLOCK TABLES;

--
-- Table structure for table `posts`
--

DROP TABLE IF EXISTS `posts`;
/*!40101 SET @saved_cs_client     = @@character_set_client */;
/*!40101 SET character_set_client = utf8 */;
CREATE TABLE `posts` (
  `id` int(10) unsigned NOT NULL AUTO_INCREMENT,
  `content` longtext,
  `has_media_content` tinyint(1) NOT NULL DEFAULT '0' COMMENT '0 => No, 1 => Yes',
  `posted_by` int(10) unsigned NOT NULL,
  `is_hidden` tinyint(1) NOT NULL DEFAULT '0' COMMENT '0 => No, 1 => Yes',
  `is_auto_generated` tinyint(1) NOT NULL DEFAULT '0' COMMENT '0 => No, 1 => Yes',
  `is_edited` tinyint(1) NOT NULL DEFAULT '0' COMMENT '0 => No, 1 => Yes',
  `is_approved` tinyint(1) NOT NULL DEFAULT '0' COMMENT '0 => No, 1 => Yes',
  `created_at` timestamp NULL DEFAULT NULL,
  `updated_at` timestamp NULL DEFAULT NULL,
  PRIMARY KEY (`id`),
  KEY `posts_posted_by_index` (`posted_by`),
  CONSTRAINT `posts_posted_by_foreign` FOREIGN KEY (`posted_by`) REFERENCES `users` (`id`) ON DELETE CASCADE
) ENGINE=InnoDB DEFAULT CHARSET=utf8;
/*!40101 SET character_set_client = @saved_cs_client */;

--
-- Dumping data for table `posts`
--

LOCK TABLES `posts` WRITE;
/*!40000 ALTER TABLE `posts` DISABLE KEYS */;
/*!40000 ALTER TABLE `posts` ENABLE KEYS */;
UNLOCK TABLES;

--
-- Table structure for table `role_user`
--

DROP TABLE IF EXISTS `role_user`;
/*!40101 SET @saved_cs_client     = @@character_set_client */;
/*!40101 SET character_set_client = utf8 */;
CREATE TABLE `role_user` (
  `role_id` int(10) unsigned NOT NULL,
  `user_id` int(10) unsigned NOT NULL,
  PRIMARY KEY (`role_id`,`user_id`),
  KEY `role_user_user_id_foreign` (`user_id`),
  CONSTRAINT `role_user_ibfk_1` FOREIGN KEY (`role_id`) REFERENCES `roles` (`id`) ON DELETE CASCADE,
  CONSTRAINT `role_user_ibfk_2` FOREIGN KEY (`user_id`) REFERENCES `users` (`id`) ON DELETE CASCADE
) ENGINE=InnoDB DEFAULT CHARSET=utf8mb4 COLLATE=utf8mb4_unicode_ci;
/*!40101 SET character_set_client = @saved_cs_client */;

--
-- Dumping data for table `role_user`
--

LOCK TABLES `role_user` WRITE;
/*!40000 ALTER TABLE `role_user` DISABLE KEYS */;
INSERT INTO `role_user` VALUES (7,16),(7,17),(1,18),(1,19),(1,20),(1,21),(1,22),(1,23),(2,24),(1,26),(1,27),(2,28),(4,29),(1,30),(3,31),(3,32),(4,33),(4,34),(4,35),(4,36),(1,37),(4,38),(8,40),(1,41),(1,42),(1,43),(4,44),(7,45),(1,46),(3,47),(2,48),(3,49),(1,50),(1,51),(1,52),(1,53),(1,54),(3,55),(2,56),(1,57),(1,58);
/*!40000 ALTER TABLE `role_user` ENABLE KEYS */;
UNLOCK TABLES;

--
-- Table structure for table `roles`
--

DROP TABLE IF EXISTS `roles`;
/*!40101 SET @saved_cs_client     = @@character_set_client */;
/*!40101 SET character_set_client = utf8 */;
CREATE TABLE `roles` (
  `id` int(10) unsigned NOT NULL AUTO_INCREMENT,
  `name` varchar(191) COLLATE utf8mb4_unicode_ci NOT NULL,
  `label` varchar(191) COLLATE utf8mb4_unicode_ci DEFAULT NULL,
  `created_at` timestamp NULL DEFAULT NULL,
  `updated_at` timestamp NULL DEFAULT NULL,
  PRIMARY KEY (`id`)
) ENGINE=InnoDB AUTO_INCREMENT=9 DEFAULT CHARSET=utf8mb4 COLLATE=utf8mb4_unicode_ci;
/*!40101 SET character_set_client = @saved_cs_client */;

--
-- Dumping data for table `roles`
--

LOCK TABLES `roles` WRITE;
/*!40000 ALTER TABLE `roles` DISABLE KEYS */;
INSERT INTO `roles` VALUES (1,'INDIVIDUAL','Individual','2017-02-23 08:54:47','2017-02-23 08:54:47'),(2,'SCHOOL','School','2017-02-23 08:54:59','2017-02-23 08:54:59'),(3,'INSTITUTION','Institution','2017-02-23 08:55:50','2017-02-23 08:55:50'),(4,'MEMBER','Member','2017-02-23 08:56:00','2017-02-23 08:56:00'),(7,'ADMIN','Admin','2017-02-23 08:56:23','2017-02-23 08:56:23'),(8,'DROP_SHIPPER','Drop Shipper','2017-05-25 19:46:29','2017-05-25 19:46:29');
/*!40000 ALTER TABLE `roles` ENABLE KEYS */;
UNLOCK TABLES;

--
-- Table structure for table `sponsors`
--

DROP TABLE IF EXISTS `sponsors`;
/*!40101 SET @saved_cs_client     = @@character_set_client */;
/*!40101 SET character_set_client = utf8 */;
CREATE TABLE `sponsors` (
  `id` int(10) unsigned NOT NULL AUTO_INCREMENT COMMENT 'Auto increase ID',
  `district_id` int(10) unsigned NOT NULL COMMENT 'District ID',
  `name` varchar(191) NOT NULL DEFAULT '' COMMENT 'Sponsor Name',
  `created_at` timestamp NULL DEFAULT NULL,
  `updated_at` timestamp NULL DEFAULT NULL,
  `deleted_at` timestamp NULL DEFAULT NULL,
  PRIMARY KEY (`id`),
  KEY `sponsors_district_id_foreign` (`district_id`),
  CONSTRAINT `sponsors_district_id_foreign` FOREIGN KEY (`district_id`) REFERENCES `districts` (`id`) ON DELETE CASCADE
) ENGINE=InnoDB AUTO_INCREMENT=67 DEFAULT CHARSET=utf8;
/*!40101 SET character_set_client = @saved_cs_client */;

--
-- Dumping data for table `sponsors`
--

LOCK TABLES `sponsors` WRITE;
/*!40000 ALTER TABLE `sponsors` DISABLE KEYS */;
INSERT INTO `sponsors` VALUES (1,1,'','2017-12-29 16:24:14','2017-12-29 16:24:14',NULL),(2,2,'','2017-12-29 16:24:14','2017-12-29 16:24:14',NULL),(3,3,'A','2017-12-29 16:24:14','2017-12-29 16:24:14',NULL),(4,4,'B','2017-12-29 16:24:14','2017-12-29 16:24:14',NULL),(5,5,'C','2017-12-29 16:24:14','2017-12-29 16:24:14',NULL),(6,6,'D','2017-12-29 16:24:14','2017-12-29 16:24:14',NULL),(7,7,'E','2017-12-29 16:24:14','2017-12-29 16:24:14',NULL),(8,8,'','2017-12-29 16:24:15','2017-12-29 16:24:15',NULL),(9,9,'','2017-12-29 16:24:15','2017-12-29 16:24:15',NULL),(10,10,'','2017-12-29 16:24:15','2017-12-29 16:24:15',NULL),(11,11,'','2017-12-29 16:24:15','2017-12-29 16:24:15',NULL),(12,12,'','2017-12-29 16:24:15','2017-12-29 16:24:15',NULL),(13,13,'','2017-12-29 16:24:15','2017-12-29 16:24:15',NULL),(14,14,'','2017-12-29 16:24:15','2017-12-29 16:24:15',NULL),(15,15,'','2017-12-29 16:24:15','2017-12-29 16:24:15',NULL),(16,16,'','2017-12-29 16:24:15','2017-12-29 16:24:15',NULL),(17,17,'','2017-12-29 16:24:15','2017-12-29 16:24:15',NULL),(18,18,'','2017-12-29 16:24:15','2017-12-29 16:24:15',NULL),(19,19,'','2017-12-29 16:24:15','2017-12-29 16:24:15',NULL),(20,20,'','2017-12-29 16:24:15','2017-12-29 16:24:15',NULL),(21,21,'l','2017-12-29 16:24:15','2017-12-29 16:24:15',NULL),(22,22,'m','2017-12-29 16:24:15','2017-12-29 16:24:15',NULL),(23,23,'m','2017-12-29 16:24:15','2017-12-29 16:24:15',NULL),(24,24,'n','2017-12-29 16:24:15','2017-12-29 16:24:15',NULL),(25,25,'o','2017-12-29 16:24:15','2017-12-29 16:24:15',NULL),(26,26,'','2017-12-29 16:24:15','2017-12-29 16:24:15',NULL),(27,27,'','2017-12-29 16:24:15','2017-12-29 16:24:15',NULL),(28,28,'','2017-12-29 16:24:15','2017-12-29 16:24:15',NULL),(29,29,'','2017-12-29 16:24:15','2017-12-29 16:24:15',NULL),(30,30,'','2017-12-29 16:24:15','2017-12-29 16:24:15',NULL),(31,31,'','2017-12-29 16:24:15','2017-12-29 16:24:15',NULL),(32,32,'','2017-12-29 16:24:15','2017-12-29 16:24:15',NULL),(33,33,'','2017-12-29 16:24:15','2017-12-29 16:24:15',NULL),(34,34,'','2017-12-29 16:24:15','2017-12-29 16:24:15',NULL),(35,35,'','2017-12-29 16:24:15','2017-12-29 16:24:15',NULL),(36,36,'','2017-12-29 16:24:15','2017-12-29 16:24:15',NULL),(37,37,'','2017-12-29 16:24:15','2017-12-29 16:24:15',NULL),(38,38,'','2017-12-29 16:24:15','2017-12-29 16:24:15',NULL),(39,39,'','2017-12-29 16:24:15','2017-12-29 16:24:15',NULL),(40,40,'','2017-12-29 16:24:15','2017-12-29 16:24:15',NULL),(41,41,'','2017-12-29 16:24:15','2017-12-29 16:24:15',NULL),(42,42,'','2017-12-29 16:24:15','2017-12-29 16:24:15',NULL),(43,43,'','2017-12-29 16:24:15','2017-12-29 16:24:15',NULL),(44,44,'','2017-12-29 16:24:15','2017-12-29 16:24:15',NULL),(45,45,'','2017-12-29 16:24:15','2017-12-29 16:24:15',NULL),(46,46,'','2017-12-29 16:24:15','2017-12-29 16:24:15',NULL),(47,47,'','2017-12-29 16:24:15','2017-12-29 16:24:15',NULL),(48,48,'','2017-12-29 16:24:15','2017-12-29 16:24:15',NULL),(49,49,'','2017-12-29 16:24:15','2017-12-29 16:24:15',NULL),(50,50,'','2017-12-29 16:24:15','2017-12-29 16:24:15',NULL),(51,51,'','2017-12-29 16:24:15','2017-12-29 16:24:15',NULL),(52,52,'','2017-12-29 16:24:15','2017-12-29 16:24:15',NULL),(53,53,'','2017-12-29 16:24:15','2017-12-29 16:24:15',NULL),(54,54,'','2017-12-29 16:24:15','2017-12-29 16:24:15',NULL),(55,55,'','2017-12-29 16:24:15','2017-12-29 16:24:15',NULL),(56,56,'','2017-12-29 16:24:15','2017-12-29 16:24:15',NULL),(57,57,'','2017-12-29 16:24:15','2017-12-29 16:24:15',NULL),(58,58,'test spon','2017-12-29 16:24:15','2017-12-29 16:24:15',NULL),(59,59,'test spon','2017-12-29 16:24:15','2017-12-29 16:24:15',NULL),(60,60,'test spon','2017-12-29 16:24:15','2017-12-29 16:24:15',NULL),(61,61,'test spon','2017-12-29 16:24:15','2017-12-29 16:24:15',NULL),(62,62,'test spon','2017-12-29 16:24:15','2017-12-29 16:24:15',NULL),(63,63,'testsponsss','2017-12-29 16:24:15','2017-12-29 16:24:15',NULL),(64,64,'testsponsss','2017-12-29 16:24:15','2017-12-29 16:24:15',NULL),(65,65,'testsponsss','2017-12-29 16:24:15','2017-12-29 16:24:15',NULL),(66,66,'','2017-12-29 16:24:15','2017-12-29 16:24:15',NULL);
/*!40000 ALTER TABLE `sponsors` ENABLE KEYS */;
UNLOCK TABLES;

--
-- Table structure for table `states`
--

DROP TABLE IF EXISTS `states`;
/*!40101 SET @saved_cs_client     = @@character_set_client */;
/*!40101 SET character_set_client = utf8 */;
CREATE TABLE `states` (
  `id` int(10) unsigned NOT NULL AUTO_INCREMENT COMMENT 'Auto increase ID',
  `country_id` int(10) unsigned NOT NULL COMMENT 'Country ID',
  `name` varchar(191) NOT NULL DEFAULT '' COMMENT 'State Name',
  `created_at` timestamp NULL DEFAULT NULL,
  `updated_at` timestamp NULL DEFAULT NULL,
  `deleted_at` timestamp NULL DEFAULT NULL,
  PRIMARY KEY (`id`),
  UNIQUE KEY `states_country_id_name_unique` (`country_id`,`name`),
  CONSTRAINT `states_country_id_foreign` FOREIGN KEY (`country_id`) REFERENCES `countries` (`id`) ON DELETE CASCADE
) ENGINE=InnoDB AUTO_INCREMENT=7 DEFAULT CHARSET=utf8;
/*!40101 SET character_set_client = @saved_cs_client */;

--
-- Dumping data for table `states`
--

LOCK TABLES `states` WRITE;
/*!40000 ALTER TABLE `states` DISABLE KEYS */;
INSERT INTO `states` VALUES (1,1,'Alabama','2017-12-29 16:24:14','2017-12-29 16:24:14',NULL),(2,2,'azana','2017-12-29 16:24:15','2017-12-29 16:24:15',NULL),(3,3,'Alabama1','2017-12-29 16:24:15','2017-12-29 16:24:15',NULL),(4,4,'azana1','2017-12-29 16:24:15','2017-12-29 16:24:15',NULL),(5,4,'azana2','2017-12-29 16:24:15','2017-12-29 16:24:15',NULL),(6,4,'azana3','2017-12-29 16:24:15','2017-12-29 16:24:15',NULL);
/*!40000 ALTER TABLE `states` ENABLE KEYS */;
UNLOCK TABLES;

--
-- Table structure for table `tickets`
--

DROP TABLE IF EXISTS `tickets`;
/*!40101 SET @saved_cs_client     = @@character_set_client */;
/*!40101 SET character_set_client = utf8 */;
CREATE TABLE `tickets` (
  `id` int(10) unsigned NOT NULL AUTO_INCREMENT,
  `requester_id` int(10) unsigned NOT NULL DEFAULT '0',
  `accepter_id` int(10) unsigned NOT NULL DEFAULT '0',
  `message` varchar(255) DEFAULT '',
  `del_flg` int(11) NOT NULL DEFAULT '0',
  `created_at` timestamp NULL DEFAULT NULL,
  `updated_at` timestamp NULL DEFAULT NULL,
  PRIMARY KEY (`id`)
) ENGINE=InnoDB AUTO_INCREMENT=9 DEFAULT CHARSET=utf8;
/*!40101 SET character_set_client = @saved_cs_client */;

--
-- Dumping data for table `tickets`
--

LOCK TABLES `tickets` WRITE;
/*!40000 ALTER TABLE `tickets` DISABLE KEYS */;
INSERT INTO `tickets` VALUES (1,23,16,'Hello. I have something to ask.',0,'2017-04-03 18:06:41','2017-04-03 18:07:28'),(2,28,17,'hello',0,'2017-04-05 00:27:11','2017-05-07 17:59:20'),(3,26,0,'hrllo',0,'2017-04-19 19:22:05','2017-04-19 19:22:05'),(4,23,16,'hi',0,'2017-04-25 20:20:55','2017-04-25 20:21:30'),(5,23,17,'Are you there\'s?',0,'2017-05-01 22:07:37','2017-11-09 18:39:21'),(6,29,17,'Trying to chat',0,'2017-05-04 16:02:32','2017-05-04 16:03:03'),(7,29,0,'here is a new chat',0,'2017-05-04 16:38:23','2017-05-04 16:38:23'),(8,28,0,'hi',0,'2017-05-24 00:27:08','2017-05-24 00:27:08');
/*!40000 ALTER TABLE `tickets` ENABLE KEYS */;
UNLOCK TABLES;

--
-- Table structure for table `users`
--

DROP TABLE IF EXISTS `users`;
/*!40101 SET @saved_cs_client     = @@character_set_client */;
/*!40101 SET character_set_client = utf8 */;
CREATE TABLE `users` (
  `id` int(10) unsigned NOT NULL AUTO_INCREMENT,
  `name` varchar(191) COLLATE utf8mb4_unicode_ci NOT NULL,
  `email` varchar(191) COLLATE utf8mb4_unicode_ci NOT NULL,
  `password` varchar(191) COLLATE utf8mb4_unicode_ci NOT NULL,
  `remember_token` varchar(100) COLLATE utf8mb4_unicode_ci DEFAULT NULL,
  `created_at` timestamp NULL DEFAULT NULL,
  `updated_at` timestamp NULL DEFAULT NULL,
  `age` int(11) NOT NULL DEFAULT '0',
  `school` varchar(150) COLLATE utf8mb4_unicode_ci NOT NULL DEFAULT '',
  `company` varchar(150) COLLATE utf8mb4_unicode_ci NOT NULL DEFAULT '',
  `city` varchar(150) COLLATE utf8mb4_unicode_ci NOT NULL DEFAULT '',
  `country` varchar(150) COLLATE utf8mb4_unicode_ci NOT NULL DEFAULT '',
  `address` varchar(150) COLLATE utf8mb4_unicode_ci NOT NULL DEFAULT '',
  `phone` varchar(150) COLLATE utf8mb4_unicode_ci NOT NULL DEFAULT '',
  `birthday` date NOT NULL DEFAULT '1900-01-01',
  `status` int(11) NOT NULL DEFAULT '0',
  `activation_token` varchar(150) COLLATE utf8mb4_unicode_ci NOT NULL DEFAULT '',
  `password_token` varchar(150) COLLATE utf8mb4_unicode_ci NOT NULL DEFAULT '',
  `image_url` varchar(150) COLLATE utf8mb4_unicode_ci NOT NULL DEFAULT '',
  `image_origin` varchar(150) COLLATE utf8mb4_unicode_ci NOT NULL DEFAULT '',
  `del_flg` int(11) NOT NULL DEFAULT '0',
  `goal_daily` int(11) NOT NULL DEFAULT '0',
  `goal_weekly` int(11) NOT NULL DEFAULT '0',
  `goal_monthly` int(11) NOT NULL DEFAULT '0',
  `parent_id` int(11) NOT NULL DEFAULT '0',
  `ip_address` varchar(150) COLLATE utf8mb4_unicode_ci DEFAULT '',
  `weekly_mail_video` varchar(150) COLLATE utf8mb4_unicode_ci DEFAULT NULL,
  `weekly_mail_ignore` int(11) DEFAULT '1',
  `facebook_user_id` bigint(20) unsigned NOT NULL,
  `access_token` varchar(191) COLLATE utf8mb4_unicode_ci DEFAULT NULL,
  `oauth_token` varchar(191) COLLATE utf8mb4_unicode_ci DEFAULT NULL,
  `oauth_token_secret` varchar(191) COLLATE utf8mb4_unicode_ci DEFAULT NULL,
  `user_id` varchar(191) COLLATE utf8mb4_unicode_ci DEFAULT NULL,
  `screen_name` varchar(191) COLLATE utf8mb4_unicode_ci DEFAULT NULL,
  PRIMARY KEY (`id`),
  UNIQUE KEY `users_email_unique` (`email`),
  KEY `users_facebook_user_id_index` (`facebook_user_id`)
) ENGINE=InnoDB AUTO_INCREMENT=59 DEFAULT CHARSET=utf8mb4 COLLATE=utf8mb4_unicode_ci;
/*!40101 SET character_set_client = @saved_cs_client */;

--
-- Dumping data for table `users`
--

LOCK TABLES `users` WRITE;
/*!40000 ALTER TABLE `users` DISABLE KEYS */;
INSERT INTO `users` VALUES (16,'Robert','robert_scorupco_311@outlook.com','$2y$10$Rm/.aMqJhrb0RaKCeu6djeXxyfCbZ7/RaPeZE3ldliGs2ue/XjPv.','AEQnZ0cScE8fMTBBLVwQW5crZzkpHHTRGcijNTt5NE8NXxqPPEC2Gz1WqlLN','2017-03-06 18:29:22','2018-03-21 09:23:09',0,'','','','','','','1900-01-01',2,'39d530cc2710bea51d9f8b88c933daa9','','','',0,0,0,0,0,'88.202.178.100',NULL,0,0,NULL,NULL,NULL,NULL,NULL),(17,'Stewart','cboxback@gmail.com','$2y$10$0x.pv6UeMpDwhPYDBAsgbuVBNvEsNZlJKm7qxIGDUJvWhTKTDQ5Sq','NCWm2JRPHPCb8monGCt5KMXgMeuRa0VhxrpgIFvzN9dxQJjJ7vgJ78mRp7T3','2017-03-06 18:29:22','2017-12-29 21:43:40',0,'','','','','','','1900-01-01',2,'','','','',0,0,0,0,0,'107.131.161.16',NULL,0,0,NULL,NULL,NULL,NULL,NULL),(18,'testUser1','test1@test.com','$2y$10$jOLvWP5vLojzQZ9jDocf.uGyJsgCbqOvgOdvZSDIDjFfQUg1s5UyC','tRSLCb4b3OO0nYWnIi8QRHG6MTrspdw7slcdFjvFQRCzhEGtfDuOOaWBxNcd','2017-03-06 18:29:22','2017-11-16 16:45:19',4,'LEC','','ft lauderdale','United States','520 ne 8t ave','999','2016-09-09',2,'','','/uploaded/avatars/img_18_1014354663.jpg','/uploaded/avatars/img_origin_18_2065145262.JPG',0,10,70,300,0,'60.21.159.26',NULL,0,0,NULL,NULL,NULL,NULL,NULL),(19,'Scott Test','test2@test.com','$2y$10$0x.pv6UeMpDwhPYDBAsgbuVBNvEsNZlJKm7qxIGDUJvWhTKTDQ5Sq','qz00udUuU8mBNYO384JJlnyfEqZFylLrYa5Lt7GLamYCUAXDvsCawY9GUqOm','2017-03-06 18:29:22','2017-03-23 03:20:09',6,'','Deliver Lean','Miami','United States','520 ne 8t ave','9548825514','1900-01-01',2,'','','/uploaded/avatars/img_19_413322587.jpg','',0,0,0,0,0,'',NULL,0,0,NULL,NULL,NULL,NULL,NULL),(20,'Jon Katz test 3','test3@test.com','$2y$10$0x.pv6UeMpDwhPYDBAsgbuVBNvEsNZlJKm7qxIGDUJvWhTKTDQ5Sq','tODW4LFQdKz2UF43NLTzsdgkfkJcXKGeoXG6uGKbONyCjXCynvriugJu7Svt','2017-03-06 18:29:22','2017-07-25 12:58:18',9,'Ramaz','','nyc','USA','999','999','1900-01-01',2,'','','/uploaded/avatars/img_20_675840469.jpg','',0,0,0,0,0,'72.46.131.114',NULL,0,0,NULL,NULL,NULL,NULL,NULL),(21,'Rachel test4','test4@test.com','$2y$10$0x.pv6UeMpDwhPYDBAsgbuVBNvEsNZlJKm7qxIGDUJvWhTKTDQ5Sq','87y9OsYwTcq0bYinbM5rH7JTsQcG1MB8rugMLzIjxBoMNMJxqnKt3eV3jEkP','2017-03-06 18:29:22','2017-07-25 12:58:10',12,'Beis Chaya','52345','Pompano','USA','2345','2345','1900-01-01',2,'','','/uploaded/avatars/img_21_1096916249.jpg','/uploaded/avatars/img_origin_21_1942324448.png',0,0,0,0,0,'72.46.131.114',NULL,0,0,NULL,NULL,NULL,NULL,NULL),(22,'ectTester','test5@test.com','$2y$10$0x.pv6UeMpDwhPYDBAsgbuVBNvEsNZlJKm7qxIGDUJvWhTKTDQ5Sq','4DF4elKe4gz0uTKXrMRvwzhvjUpliFlHAuO2AXvR01DPeuThzXQ0veDD0d0s','2017-03-06 18:29:22','2017-08-04 04:23:41',15,'VIT','ECT','Epsum','Desh','Loren','99999999','2016-09-09',2,'','','/uploaded/avatars/img_22_892621843.jpg','/uploaded/avatars/img_origin_22_1423382417.JPG',0,300,500,20000,0,'103.37.180.128',NULL,0,0,NULL,NULL,NULL,NULL,NULL),(23,'testUser6','test6@test.com','$2y$10$0x.pv6UeMpDwhPYDBAsgbuVBNvEsNZlJKm7qxIGDUJvWhTKTDQ5Sq','yG5H905VShMB5CRjld9C1Wjzsve14UJeXfxEkm3si5XgnYz34LCUQ8H480kx','2017-03-06 18:29:22','2018-03-14 13:17:55',20,'a','asdf','asdf','asdf','asdf','asdf','1900-01-01',2,'','','/uploaded/avatars/img_23_797006838.jpg','/uploaded/avatars/img_origin_23_339229273.jpg',0,10,80,160,0,'104.237.86.128',NULL,0,0,NULL,NULL,NULL,NULL,NULL),(24,'testOrg1','testOrg1@test.com','$2y$10$0x.pv6UeMpDwhPYDBAsgbuVBNvEsNZlJKm7qxIGDUJvWhTKTDQ5Sq',NULL,'2017-03-06 18:29:22','2017-07-25 13:20:00',4,'','','','','','','1900-01-01',2,'','','','',0,0,0,0,0,'72.46.131.114',NULL,0,0,NULL,NULL,NULL,NULL,NULL),(26,'stewart holzkenner','sm@tanklasolas.com','$2y$10$JJmmWpWScEzOhMGziV5cLevO5bgYu0CT/uCpNPhCucXIv5kIxGIlm','w0CujsOF6iTJujpuQfxj9lPEuTwLOo4r8CJaHjikolTSsD3uOd6qFeIoLyVW','2017-03-08 17:46:35','2017-11-02 21:24:17',20,'','','ft lauderdale','USA','520 ne 8t ave','9548825514','1900-01-01',0,'d70de5f44c836de7478bee5f786e9bf3','','/uploaded/avatars/img_26_580693793.jpg','',0,0,0,0,0,'172.58.11.252','null',0,0,NULL,NULL,NULL,NULL,NULL),(27,'Roberto','nowak.roberto2016@yandex.com','$2y$10$FSfc1Yuos.5nERGIVxrBv.9yc.84wwe39bs/pqS4rPbJDK29gCJyi',NULL,'2017-03-17 22:13:42','2017-03-17 22:14:01',0,'','','','','','','1900-01-01',2,'52b5731445dad28ca360c1bfd9b3a96e','','','',0,0,0,0,0,'',NULL,0,0,NULL,NULL,NULL,NULL,NULL),(28,'YJP Las Olas','yjpsfl@gmail.com','$2y$10$hAiRMxpruQLPEGiLPejVrO4vSflHAdEPUICSDu5Io3BU1uaSdo6jC','elT7NzIKjoqqre37NIPWU22ML69IyEfZ7Yj8u6rvtntLdTBKgBsRYFLnIt7U','2017-03-19 13:41:28','2018-03-14 17:23:45',9,'yjp','','ft lauderdale','United States','520 ne 8t ave','9548825514','2016-09-09',2,'0f7bbbad79907c151d7ab5c9ad06ae8b','','/uploaded/avatars/img_28_1963458866.jpg','/uploaded/avatars/img_origin_28_406376246.jpg',0,10,100,400,0,'107.131.161.16','null',0,0,NULL,NULL,NULL,NULL,NULL),(29,'Jacon test','JACOBISRAEL@MAIL.USF.EDU','$2y$10$Wp1Ay2LHVc.mw8C.lcmciOtZTYLzeJ1VZd0fRmDotNCXouu7SY3rS','mpZbSn0eizPxr9pinakcIUQKKwdk7jinSHFy1d2nM9x6rHDSgiDbtbq5FUXb','2017-03-28 01:37:44','2017-05-29 23:02:12',0,'School','','ft lauderdale','USD','520 ne 8t ave','9548825514','2016-09-09',2,'','','/uploaded/avatars/img_29_1010609117.jpg','/uploaded/avatars/img_origin_29_2079853334.jpg',0,3,0,2,28,'107.131.161.98',NULL,0,0,NULL,NULL,NULL,NULL,NULL),(30,'Harshad Italiya','harshad.italiya@energycloud.co.in','$2y$10$ObFxgTWmgZO2fXB2uqgfYu81mKTawcUgsI4s6Iezn27MawoYNX1tK','58wDXwT4yWPZOTvD5hNEEeWYmlj7sshyfH36sjL4p9JMhgvzQwEEYi16PTJv','2017-03-30 05:47:56','2017-03-30 05:54:34',20,'','Energy Cloud Technology','Surat','India','Surat','','1986-10-27',0,'1bc27a4c3575512229116ce5b9eabe4e','','/uploaded/avatars/img_30_1588098188.jpg','',0,100,500,20000,0,'',NULL,0,0,NULL,NULL,NULL,NULL,NULL),(31,'Jewish Awareness South Florida','shalommeir770@gmail.com','$2y$10$nfAWyzuAWLDlP3F4LoHemuCdqz5jQX7zsPt0romnzQHmCsDW2ESw2','UCyQFEMQESwaTXRmLmfNPD7Swskd9lOtHN5V99M5OHhRwyrq0mP1l58PF21q','2017-04-04 22:31:17','2017-04-04 22:31:47',0,'','','','','','','1900-01-01',2,'770f0d957c0fb3155c4c9fb8093b7d22','','','',0,0,0,0,0,'',NULL,0,0,NULL,NULL,NULL,NULL,NULL),(32,'Jewish Awareness South Florida 2','rabbishalomh@gmail.com','$2y$10$3.LUiiVytqP.ZgXNEuyNyeHhKwQ0BSUcTQHJhqm.G4RG7DPM6TSMC','7S4eK6f3XwFxqHdPBISpS3Mwu2PO4w1eLweqxiZ9fvFpxyOMwDi3fy2yjjag','2017-04-19 18:11:11','2017-04-19 18:12:12',0,'','','','','','','1900-01-01',2,'1c789708fb7099dd34a5eb47287cfa3a','','','',0,0,0,0,0,'',NULL,0,0,NULL,NULL,NULL,NULL,NULL),(33,'Rochel Holzkenner','rochelholzkenner@gmail.com','$2y$10$vdxVXylSmUwhmlf0PS3cMelANqJ0knkNM8hKGn3cAOxaorJbdvP7a',NULL,'2017-04-19 19:28:00','2017-04-19 19:28:00',0,'','','ft lauderdale','USD','520 ne 8t ave','9542247162','1900-01-01',2,'','','','',0,0,0,0,28,'',NULL,0,0,NULL,NULL,NULL,NULL,NULL),(34,'Jon','gg@gg.com','$2y$10$j2IyUFF5qfxoSVH1zCcnn.xsrKysZumgjchrpHI2ajOJNhRWTSc2m',NULL,'2017-04-19 19:49:17','2017-04-19 19:49:17',0,'','','holywood','USD','520 ne 8t ave','954 555','1900-01-01',2,'','','','',0,10,50,350,28,'',NULL,0,0,NULL,NULL,NULL,NULL,NULL),(35,'Simcha','d2@d.com','$2y$10$Qba/8e4Fydp4hsYACO4OjuMrvLHRjPdDPxw9YMtGfmNTHdF3Kea52',NULL,'2017-04-19 19:53:54','2017-04-19 19:53:54',0,'','','ft lauderdale','USD','520 ne 8t ave','9542247162','1900-01-01',2,'','','','',0,10,50,320,28,'',NULL,0,0,NULL,NULL,NULL,NULL,NULL),(36,'mom','mom@mom.com','$2y$10$WFkgyVs8a/QTv9i4hw/Gre81WguRBe8ksIeRMPB.7Khl5Nsu0KeKm',NULL,'2017-04-20 02:00:26','2017-04-20 02:00:26',0,'','','nyc','USD','99','9547307187','1900-01-01',2,'','','','',0,10,50,310,28,'',NULL,0,0,NULL,NULL,NULL,NULL,NULL),(37,'hhh','hh@hh.com','$2y$10$nnyUZJ6ZTsf3LV90YvXa.eUjmD9z0wn9NhxczYB2ccpJjFc6nf4Ty','XObCgnzaEJY5EQXfnrUBorPyNA5QMYWUwn1KefQ1ICQqrLdzOpBN9MUPAStQ','2017-04-25 14:33:18','2017-04-25 14:34:28',0,'','','ft lauderdale','United States','520 ne 8t ave','9548825514','2016-09-09',0,'bed42b65688b73e6c37f18b1b50343fa','','','',0,10,70,344,0,'',NULL,0,0,NULL,NULL,NULL,NULL,NULL),(38,'Jonathan Vaughn','work+101@tier5.us','$2y$10$aW292vHRbu.iZe5oMz3ha.9IicpVfEccCbmmF84XNaPoqI3uSuEsO',NULL,'2017-05-15 21:42:30','2017-05-15 21:42:30',0,'','','asdf','USD','asd','asd','1900-01-01',2,'','','','',0,0,0,0,28,'',NULL,0,0,NULL,NULL,NULL,NULL,NULL),(40,'test_shipper','sahsa2020@outlook.com','$2y$10$JIsPIr2TmNLNWTFGymJ5jegWDjSS809dKEordDHNfRM8vP5YNnjkW','USozG9LlNc8LRfC1kxIgftx9o6Scp3SWGj5PL3yFAn7xcnpJKVBN3TpZGcGp','2017-05-25 19:49:48','2017-11-06 07:48:30',0,'','','','','','','1900-01-01',0,'','','','',0,0,0,0,0,'104.237.90.43',NULL,0,0,NULL,NULL,NULL,NULL,NULL),(41,'sahssfahfk','fjlsdj@gjlsdagj.com','$2y$10$xdX9f7tm82ekksajbmpeMO/suybGBrNcVDjpw9WTDm17BpsGp00KS','KbwPu6JPikVEjZWYGDNIoljlCFODWoPw6DP4U547kA8Mh1XUTpCx8sk4606D','2017-06-08 02:05:30','2017-06-08 02:05:30',0,'','','555','5555','55555','55555555','2016-09-19',0,'daa03d4ec0a9402694d0844a8a2790c6','','','',0,0,0,0,0,'',NULL,0,0,NULL,NULL,NULL,NULL,NULL),(42,'Rochel holzkenner','clashof770@gmail.com','$2y$10$E1H.5LIpQM0aVTudh.Q4Hur/yGfO080rp46WV4jp.hEJTxDMKJ6eC','iXfNsVlk7R93gK0wxrzkWAO88YchXfUv1aMK3cGU3pvBAeBS5ICkWiIKU0eB','2017-06-08 02:13:31','2017-06-08 02:14:35',20,'','chabad of las olas','ft lauderdale','United States','520 ne 8t ave','9542247162','2016-09-26',0,'55f281bc85c44552128664a4e649a6bb','','/uploaded/avatars/img_42_62627056.jpg','/uploaded/avatars/img_origin_42_985904748.jpg',0,10,50,100,0,'','null',0,0,NULL,NULL,NULL,NULL,NULL),(43,'Test','Test@test.com','$2y$10$YjPi6bK1dftsbn821Lun5.8L7jv9odXBDHhBDmC7hxl7p71gKRray','F7fm3QTI9PUHLXSALXKJM40DOFTzsZPw8dXvf450XdHp2gQL8cIM0V9QdyqK','2017-06-20 21:19:15','2017-06-20 21:19:15',0,'','','ndskn','USA','1212','2222222222','1980-07-16',0,'37375d6a695c610a4acb16847883298e','','','',0,0,0,0,0,'',NULL,0,0,NULL,NULL,NULL,NULL,NULL),(44,'Sasha','cool.sas-vovk@yandex.com','$2y$10$qT06yPkWBoi2rHnNlxhqAO0nNCEVgpTcqWbNqTNFQPgEfUeEvGnXi',NULL,'2017-07-25 13:20:39','2017-07-25 13:20:39',0,'','','5265','CNY','489','12','1900-01-01',2,'','','','',0,12,154,163,24,'',NULL,0,0,NULL,NULL,NULL,NULL,NULL),(45,'jon vaughn','work@tier5.us','$2y$10$mM1gs1.8.f9oVOlWvSv0XO93E/CLpXQ/V/f60STK.f9jW3fWQ44fa','HSTnzB9pHVNPmnP9psPq5FxK3IdIdkAF8Phz2FU9JXsa85jvvRSLr56eAe5m','2017-08-02 07:57:11','2018-01-22 18:23:24',0,'','','NY','US','NY','5678345678','1990-02-14',0,'95613a393a36d8974829afe4b22944f6','','','',0,1,7,26,28,'223.31.41.147','null',1,0,NULL,NULL,NULL,NULL,NULL),(46,'Jon Vaughn','work+69@tier5.us','$2y$10$MRCTaQburj4DrvnVjdGUueuAZeT9Hu5r55n4ufgsNTX0Ym6VdEX1G','Q2Oe4K4yuYopbedONWq2CrCVXDLu9iDDNFa6mHvwCsYCD4USAymqn0D2avcG','2017-09-07 14:03:43','2017-09-07 15:27:16',0,'','','Richmond','United States','63 Overlook Drive','+1 (812) 669-0369','1985-06-26',0,'7ee0b666daff504c496f72f39bd8477e','','','',0,0,0,0,0,'111.93.181.226',NULL,1,0,NULL,NULL,NULL,NULL,NULL),(47,'dfdsfsd','abcd@gmail.vom','$2y$10$pODSqEndBsjBk5tv2mse3u6tGXvNDmX4IqNSoA.VlbHXU6QVDSwli',NULL,'2017-11-15 05:07:25','2017-11-15 05:07:25',0,'','','svsdvsdvsd','sdvsdvsdv','fvsdfvsdvsdvsd','1331313131','2016-09-21',0,'7da31cce50201a1fec39422f1376529c','','','',0,0,0,0,0,'',NULL,1,0,NULL,NULL,NULL,NULL,NULL),(48,'Modern school','msr@indiamsr.com','$2y$10$CE7sIzfO0X1EoHri9ouKO.5vGJDs.j5spU4jArqEnLia5xNxMOjbK',NULL,'2017-12-14 09:36:49','2017-12-14 09:36:49',0,'','','kvjodfb',',d gjob','v sadge b','09852835920','2016-09-28',0,'ef1e0cf0166d715791589ca8b849a813','','','',0,0,0,0,0,'',NULL,1,0,NULL,NULL,NULL,NULL,NULL),(49,'Joe Brown','joebrown@comcast.net','$2y$10$cKzLICu5CmkpTR3JytdDee1uLAUEwELNoHzswrk0nDnTFs/4FLV7G',NULL,'2017-12-14 09:49:15','2017-12-14 09:49:15',0,'','','new york','United States','2304 Forest ridge','+9174593044','1989-06-21',0,'00716db6c00eca93573e2eaf9f740ea4','','','',0,0,0,0,0,'',NULL,1,0,NULL,NULL,NULL,NULL,NULL),(50,'test','test1123@test123.com','$2y$10$nOeJEHBEY9mn6Llkx9wZ6OtE1Ip711IxUZzzQW.wLyZcJ/y.ss43m',NULL,'2017-12-14 11:09:38','2017-12-14 11:09:38',0,'','','Tes','us','test','8569856475','1979-07-04',0,'43ac34a7c0ccf38f23db4ac80fc941d1','','','',0,0,0,0,0,'',NULL,1,0,NULL,NULL,NULL,NULL,NULL),(51,'abcd','abcd@gmai.com','$2y$10$fQSG6SXK26M7Gcs4z8R7OuUBIvmfjCifznE3VlG.kGKv3Lvt7ve96','MiwsgQ3fGgA0zUhZDYzi6HLCXCxLQAWVEQtbGrLfK9Tlptv0yU47gF5YDlpj','2018-01-03 09:16:14','2018-01-03 09:16:14',0,'','','fsdsdfsd','India','dfdsfsd','7845612345','1986-02-11',0,'15079ad25aa165bb6173fbf9e1e9114c','','','',0,0,0,0,0,'',NULL,1,0,NULL,NULL,NULL,NULL,NULL),(52,'Test','work+9@tier5.us','$2y$10$FN7/l5zdjnhnKN/2I8rC/OFkX2wj6JZ9/t9drEuXi2y5U84OUapTS',NULL,'2018-01-16 04:43:07','2018-01-16 04:43:07',0,'','','ddsfs','dsfds','','7677777778','1900-01-01',0,'3bc7a710dea90a041f2d28eb8d98220e','','','',0,0,0,0,0,'',NULL,1,0,NULL,NULL,NULL,NULL,NULL),(53,'sdfdsfdsf','abcdefg@gmail.com','$2y$10$/WO4LN8FO/sieG17rf5QXuFc7DRf6pGdvvSoi6jj/FA5JS.p7u1Wy',NULL,'2018-01-16 06:13:08','2018-01-16 06:13:08',0,'','','dfssdfsd','dfdsfsdfsd','dsfdfdsfsdfsd','66556565656','1995-02-11',0,'4571664ad2023025383785f5a17ea224','','','',0,0,0,0,0,'',NULL,1,0,NULL,NULL,NULL,NULL,NULL),(54,'fdsfsdf','bnm@gmail.com','$2y$10$NPrbqJRTw9fpWmAjXEbt5O3uDtiaRIpC3U/8Kk7MuB5BHOYJuiaPq','FWuJ1r0P9GzXq7PjHvIg2ApSojOdskj1JeH8FCFYrhfKux3XkBOsNGvrdzAD','2018-01-19 07:19:54','2018-03-22 06:03:29',0,'','','sdfsdfsdf','India','sdffsdfsdfsdf','4154646465465`','2016-09-12',0,'b34aa7ad0945cec0d1939cf8e1713621','','','',0,0,0,0,0,'121.242.47.194',NULL,1,0,NULL,NULL,NULL,NULL,NULL),(55,'Bentzion','heatfan_dr@yahoo.com','$2y$10$MJLgtgpk14FAwc8GMP61vOjpJG1gQlmhRhrXTpyqU8HQl7832NZ7i',NULL,'2018-02-05 19:14:44','2018-02-05 21:40:10',0,'','','PLantation','USA','9791 NW 16th Street','954-667-7466','2000-02-04',2,'3d039bc296638c30ff546dc1488a4a97','','','',0,0,0,0,0,'73.56.202.86',NULL,1,0,NULL,NULL,NULL,NULL,NULL),(56,'SimonGek','wielogorski727@gmail.com','$2y$10$nyGMVTNkeG6kZWoMYTthJuJLxiZ4Zn43.88P1Qwzegot3YgMSYgA.',NULL,'2018-02-08 16:58:52','2018-02-08 16:58:52',0,'','','La Lima','Honduras','http://ki.der-westwall.org/','83119144885','1978-11-12',0,'ac8d4ef73c6e865f5663bbe79cfc5568','','','',0,0,0,0,0,'',NULL,1,0,NULL,NULL,NULL,NULL,NULL),(57,'test','test@test.test','$2y$10$32kCBnETEZwNEG3pV8eEGOXMpG4AKLzMTe7pWmr1Patv6Irem4xau','L79EDfsnzkAKweEm76Cb0dqym7IWRWUPIqEmIGAkv6RJoE4IP5xaH6PJLXb9','2018-02-19 19:02:51','2018-02-19 19:02:51',0,'','','s fds fdsf','dsf sdf sdf','dsc sd cds d','','2016-08-29',0,'725644dd430345e9abb9a2b0604add7b','','','',0,0,0,0,0,'',NULL,1,0,NULL,NULL,NULL,NULL,NULL),(58,'Test1','test@gmail.com','$2y$10$OmEWdbNdW8TrLN9DkGZdx.kP58JYTWAmMHlJpKxA8KXVNL03esPPi',NULL,'2018-03-14 06:47:57','2018-03-14 06:49:49',0,'','','Kolkata','India','263/6 RRM Road','123456789','2016-09-30',0,'7540240b8a3617d19adae04dc6b5150a','','','',0,0,0,0,0,'','null',1,0,NULL,NULL,NULL,NULL,NULL);
/*!40000 ALTER TABLE `users` ENABLE KEYS */;
UNLOCK TABLES;
/*!40103 SET TIME_ZONE=@OLD_TIME_ZONE */;

/*!40101 SET SQL_MODE=@OLD_SQL_MODE */;
/*!40014 SET FOREIGN_KEY_CHECKS=@OLD_FOREIGN_KEY_CHECKS */;
/*!40014 SET UNIQUE_CHECKS=@OLD_UNIQUE_CHECKS */;
/*!40101 SET CHARACTER_SET_CLIENT=@OLD_CHARACTER_SET_CLIENT */;
/*!40101 SET CHARACTER_SET_RESULTS=@OLD_CHARACTER_SET_RESULTS */;
/*!40101 SET COLLATION_CONNECTION=@OLD_COLLATION_CONNECTION */;
/*!40111 SET SQL_NOTES=@OLD_SQL_NOTES */;

-- Dump completed on 2018-03-22  6:34:45
